id,timestamp,symbol,action,raw_action,confidence,position_size_pct,stop_loss_price,take_profit_price,current_price,account_equity_usd,override_reason,execution_status,fill_price,realized_pnl_usd,reasoning,recent_headlines,market_positioning,mode
119,2026-09-05T13:03:48.704665+00:00,BTC-USD,hold,hold,0.6,0.0,,,79696.7734375,10.44,,,,,"La tendència de fons és clarament alcista: el preu (79.697) cotitza per sobre de la SMA20 (76.456) i molt per sobre de la SMA50 (69.092), amb una seqüència de màxims creixents i titulars favorables (entrades a ETFs, senyal de la Fed). Tanmateix, no hi ha cap detonant d'entrada net avui: la variació de preu és pràcticament plana (+0,03%) i, sobretot, el volum cau un 36,9%, és a dir, l'impuls recent NO està confirmat per volum. A més, l'RSI a 66,6 ja és elevat i el preu està estès un ~4,2% per sobre de la SMA20, cosa que obliga a col·locar un stop lluny (sota la SMA20) i deixa una relació risc/benefici pobra per obrir en aquest punt. Pel que fa al market_positioning, el fet que carteres grans estiguin netes llargues i que una d'elles (...5872) hagi obert i tancat llargs repetidament en les últimes hores és només biaix direccional: són posicions perpètues apalancades amb horitzó i gestió de risc desconeguts, i de fet aquest compte sembla fer scalping intradia (obre i tanca al mateix rang), cosa que no valida cap tesi d'inversió spot. Amb senyals mixtos (tendència forta però extensió + volum decreixent), la resposta disciplinada és esperar: bé una consolidació/retrocés cap a la zona de la SMA20 amb suport, bé un trencament de màxims acompanyat d'expansió de volum.","[""Weekly Wrap: Bitcoin\u2019s Win Streak Continues"", ""Capital B Raises \u20ac7.6M from Adam Back to Expand Bitcoin Treasury"", ""Polymarket Offers Crypto Perps With 20 Times Leverage"", ""Bitcoin ETFs See Biggest Inflow Of Capital Since January"", ""Bitcoin Rally Accelerates After Surprise Fed Signal""]","Across the 15 best-performing large Hyperliquid wallets sampled, 6 hold a BTC PERPETUAL position, and in aggregate they are net long by roughly 100% ($61,104,658 long vs $0 short); the BTC perpetual funding rate is 0.0006% (longs are paying shorts), which puts the broader market on the long side, the same direction as the wallet sample above. Specific recent activity from the same sampled wallets in the last ~24h: wallet ending ...5872 closed a $79,700 long 21 minutes ago; wallet ending ...5872 opened a $79,575 long 1 hour ago; wallet ending ...5872 opened a $79,568 long 4 hours ago; wallet ending ...5872 closed a $79,700 long 5 hours ago; wallet ending ...5872 closed a $79,600 long 7 hours ago. These are leveraged perpetual positions (and, where noted above, trades) taken by other traders, not spot holdings, and this bot trades spot without leverage. Treat this as directional bias only, never as confirmation, and never as a reason to act without your own technical justification.",REAL
120,2026-09-05T13:04:18.363043+00:00,ETH-USD,hold,hold,0.6,0.0,,,2459.070068359375,10.44,,,,,"La tendència de fons és alcista: el preu (2459) està per sobre de la SMA20 (2388) i molt per sobre de la SMA50 (2090), amb un RSI de 63 que encara no és de sobrecompra extrema. Però el senyal d'entrada d'avui és feble: la variació de preu és pràcticament plana (+0,12%) i el volum cau un 47,5%, és a dir, no hi ha cap confirmació de volum darrere del moviment. Comprar aquí implicaria entrar amb el preu ~18% per sobre de la SMA50, en una zona extensa, sense catalitzador tècnic clar; el risc d'una reversió cap a la SMA20 és apreciable i el stop lògic (sota 2380-2390) quedaria relativament lluny. Els titulars són constructius però genèrics (adopció institucional, futurs), i el posicionament de les grans carteres és net llarg al 100% amb funding lleugerament positiu, cosa que només aporta biaix direccional, mai confirmació; a més, l'activitat concreta de les últimes hores mostra tancaments de llargs, no obertures, així que ni tan sols és unívoca. Amb un capital de només 10,44 USD i sense posició prèvia, la decisió disciplinada és esperar una represa amb volum creixent o un retrocés controlat a la SMA20 abans d'actuar.","[""Weekly Wrap: Bitcoin\u2019s Win Streak Continues"", ""Polymarket Offers Crypto Perps With 20 Times Leverage"", ""Standard Chartered Launches Spot Bitcoin, Ether Trading for UAE Institutions"", ""Coinbase Brings Crypto Futures to Canadian Traders"", ""Coinbase And Webull Join Forces In Canada""]","Across the 15 best-performing large Hyperliquid wallets sampled, 4 hold a ETH PERPETUAL position, and in aggregate they are net long by roughly 100% ($104,004,755 long vs $0 short); the ETH perpetual funding rate is 0.0013% (longs are paying shorts), which puts the broader market on the long side, the same direction as the wallet sample above. Specific recent activity from the same sampled wallets in the last ~24h: wallet ending ...5872 closed a $61,500 long 18 minutes ago; wallet ending ...5872 closed a $61,475 long 22 minutes ago; wallet ending ...5872 closed a $61,450 long 27 minutes ago; wallet ending ...5872 closed a $61,425 long 28 minutes ago; wallet ending ...5872 closed a $61,400 long 28 minutes ago. These are leveraged perpetual positions (and, where noted above, trades) taken by other traders, not spot holdings, and this bot trades spot without leverage. Treat this as directional bias only, never as confirmation, and never as a reason to act without your own technical justification.",REAL
121,2026-09-05T13:04:47.281151+00:00,SOL-USD,hold,hold,0.62,0.0,,,103.30000305175781,10.44,,,,,"La tendència és clarament alcista: el preu (103,30) està per sobre de la SMA20 (96,99) i molt per sobre de la SMA50 (83,77), amb una separació de gairebé un 23% respecte a la mitjana de 50 sessions, cosa que indica una extensió important i risc de reversió a la mitjana. L'RSI de 65 s'acosta a zona de sobrecompra sense arribar-hi, per tant no dona ni senyal de compra clar ni d'esgotament. El punt crític és el volum: la pujada de l'1,3% s'ha produït amb un volum un 34,7% inferior, és a dir, un moviment de preu sense confirmació de volum, que és precisament el tipus d'impuls feble que no justifica obrir una posició nova. El funding rate lleugerament positiu només indica que el mercat de perpetuals està esbiaixat al costat llarg; són posicions apalancades d'altres operadors i no constitueixen cap confirmació per a una operació spot. No hi ha titulars que aportin context addicional. Amb un senyal tècnic extens, volum decreixent i cap catalitzador, la decisió disciplinada és esperar: o bé una correcció cap a la SMA20 amb suport, o bé una ruptura a l'alça acompanyada d'expansió de volum. A més, l'equity del compte (10,44 USD) fa que qualsevol posició sigui marginal en termes de risc/benefici net.",[],"the SOL perpetual funding rate is 0.0008% (longs are paying shorts), which puts the broader market on the long side. These are leveraged perpetual positions (and, where noted above, trades) taken by other traders, not spot holdings, and this bot trades spot without leverage. Treat this as directional bias only, never as confirmation, and never as a reason to act without your own technical justification.",REAL
122,2026-09-05T14:02:43.032351+00:00,BTC-USD,hold,hold,0.62,0.0,,,79685.328125,10.44,,,,,"L'estructura de tendència és clarament alcista: preu (79.685) per sobre de la SMA20 (76.455) i molt per sobre de la SMA50 (69.092), amb titulars de suport (entrades rècord en ETFs, senyal de la Fed). Però hi ha senyals contradictoris per obrir ara mateix: l'RSI de 66,6 ja és a la part alta del rang i el preu està ~15% per sobre de la SMA50, és a dir, força estirat; la variació de preu de la sessió és pràcticament nul·la (+0,02%) i el volum cau un 42,7%, de manera que no hi ha cap confirmació de volum per a una continuació immediata — momentum sense volum es pondera a la baixa. Comprar aquí implicaria un stop lògic sota la SMA20 (~4,5-5% de distància) just quan l'impuls s'aplana, un perfil risc/benefici mediocre. El posicionament de Hyperliquid (100% net llarg, funding lleugerament positiu, moviments repetits del wallet ...5872 al voltant de 79.500-79.700) és només biaix direccional en mercats perpetus amb palanquejament; no és confirmació ni motiu per actuar en spot. A més, el funding positiu i el consens totalment llarg augmenten el risc d'una purga de llargs. Prefereixo esperar: o bé una retracció controlada cap a la SMA20 amb volum de suport, o bé un trencament de màxims amb expansió clara de volum. Mantinc posició nul·la.","[""Weekly Wrap: Bitcoin\u2019s Win Streak Continues"", ""Capital B Raises \u20ac7.6M from Adam Back to Expand Bitcoin Treasury"", ""Polymarket Offers Crypto Perps With 20 Times Leverage"", ""Bitcoin ETFs See Biggest Inflow Of Capital Since January"", ""Bitcoin Rally Accelerates After Surprise Fed Signal""]","Across the 15 best-performing large Hyperliquid wallets sampled, 6 hold a BTC PERPETUAL position, and in aggregate they are net long by roughly 100% ($61,175,858 long vs $0 short); the BTC perpetual funding rate is 0.0012% (longs are paying shorts), which puts the broader market on the long side, the same direction as the wallet sample above. Specific recent activity from the same sampled wallets in the last ~24h: wallet ending ...5872 opened a $79,592 long 7 minutes ago; wallet ending ...5872 closed a $79,700 long 1 hour ago; wallet ending ...5872 opened a $79,575 long 2 hours ago; wallet ending ...5872 opened a $79,568 long 5 hours ago; wallet ending ...5872 closed a $79,700 long 6 hours ago. These are leveraged perpetual positions (and, where noted above, trades) taken by other traders, not spot holdings, and this bot trades spot without leverage. Treat this as directional bias only, never as confirmation, and never as a reason to act without your own technical justification.",REAL
123,2026-09-05T14:03:13.554119+00:00,ETH-USD,hold,hold,0.6,0.0,,,2455.909912109375,10.44,,,,,"La tendència de fons és alcista: el preu (2.455 $) està per sobre de la SMA20 (2.388) i molt per sobre de la SMA50 (2.089), amb un RSI de 62,8 que mostra força sense arribar a sobrecompra. Però l'entrada aquí no està justificada: la sessió és plana/lleugerament negativa (-0,7%) i, sobretot, el volum cau un 53% respecte al període anterior. És a dir, no hi ha confirmació de volum per a l'extensió del preu; un moviment alcista sostingut amb volum decreixent i el preu ja un 17% per sobre de la SMA50 sol acabar en consolidació o retrocés cap a la mitjana, cosa que faria que qualsevol stop raonable (sota la SMA20, ~2.380) saltés per soroll normal. Els titulars són constructius però genèrics (adopció institucional, futurs a Canadà) i no aporten cap catalitzador nou i específic per a ETH. Pel que fa al posicionament: que 4 carteres grans de Hyperliquid estiguin netes llargues per ~104 M$ i que hi hagi hagut obertures recents de 487.000 $ i 78.000 $ és només biaix direccional; són posicions perpètues apalancades amb entrades, horitzons i cobertures que desconec, i no poden substituir una confirmació tècnica que aquí falta (a més, la mateixa mostra inclou tancaments de llargs). El funding lleugerament positiu tampoc no és determinant. Amb senyals mixtos —tendència a favor però volum en contra i preu extès— la resposta disciplinada és esperar: o bé un retrocés cap a la SMA20 amb suport, o bé una ruptura de màxims amb expansió clara de volum.","[""Weekly Wrap: Bitcoin\u2019s Win Streak Continues"", ""Polymarket Offers Crypto Perps With 20 Times Leverage"", ""Standard Chartered Launches Spot Bitcoin, Ether Trading for UAE Institutions"", ""Coinbase Brings Crypto Futures to Canadian Traders"", ""Coinbase And Webull Join Forces In Canada""]","Across the 15 best-performing large Hyperliquid wallets sampled, 4 hold a ETH PERPETUAL position, and in aggregate they are net long by roughly 100% ($103,873,200 long vs $0 short); the ETH perpetual funding rate is 0.0013% (longs are paying shorts), which puts the broader market on the long side, the same direction as the wallet sample above. Specific recent activity from the same sampled wallets in the last ~24h: wallet ending ...6c3b closed a $49,006 long 19 hours ago; wallet ending ...6c3b closed a $48,858 long 20 hours ago; wallet ending ...ccbb opened a $78,534 long 23 hours ago; wallet ending ...028c opened a $487,577 long 23 hours ago. These are leveraged perpetual positions (and, where noted above, trades) taken by other traders, not spot holdings, and this bot trades spot without leverage. Treat this as directional bias only, never as confirmation, and never as a reason to act without your own technical justification.",REAL
124,2026-09-05T14:03:42.307357+00:00,SOL-USD,hold,hold,0.6,0.0,,,102.80999755859375,10.44,,,,,"La tendència de fons és clarament alcista: el preu (102,81) cotitza per sobre de la SMA20 (96,96) i molt per sobre de la SMA50 (83,76), amb les mitjanes ben ordenades. Tot i això, hi ha dos senyals que aconsellen prudència. Primer, el volum cau un 38,9% mentre el preu només puja un 0,84%: és impuls sense confirmació de volum, exactament el tipus de moviment que sol precedir una consolidació o una recollida de beneficis, i per tant el ponderem clarament a la baixa. Segon, l'entrada seria extensa: un 6% per sobre de la SMA20 i un 23% per sobre de la SMA50, amb un RSI de 64,5 que s'apropa a zona calenta, cosa que obligaria a col·locar un stop llunyà i empitjora la relació risc/benefici en una entrada nova. El funding positiu indica que el mercat de perpetuals està del cantó llarg, però això és només biaix direccional d'operadors apalancats i no substitueix una confirmació tècnica pròpia; no és motiu per comprar. Sense titulars rellevants ni confirmació de volum, i amb el preu estirat respecte a les mitjanes, l'opció disciplinada és esperar: una recaiguda cap a la SMA20 amb volum creixent oferiria un punt d'entrada molt millor definit.",[],"the SOL perpetual funding rate is 0.0013% (longs are paying shorts), which puts the broader market on the long side. These are leveraged perpetual positions (and, where noted above, trades) taken by other traders, not spot holdings, and this bot trades spot without leverage. Treat this as directional bias only, never as confirmation, and never as a reason to act without your own technical justification.",REAL
125,2026-09-05T17:45:21.754721+00:00,BTC-USD,hold,hold,0.62,0.0,,,80053.6171875,10.44,,,,,"La tendència de fons és clarament alcista: el preu (80.054) està per sobre de la SMA20 (76.473) i molt per sobre de la SMA50 (69.099), amb una estructura de mitjanes ben ordenada i titulars favorables (entrades a ETFs, senyal sorpresa de la Fed). Tot i això, hi ha dos motius clars per no obrir posició ara. Primer, el volum cau un 52% mentre el preu només puja un 0,48%: és impuls sense confirmació de volum, precisament el patró que sol precedir una pausa o correcció en un tram ja extens. Segon, l'RSI de 67 està a tocar de sobrecompra i el preu cotitza gairebé un 5% per sobre de la SMA20 i un 16% per sobre de la SMA50, cosa que fa que qualsevol entrada aquí tingui un stop lògic molt llunyà (sota la SMA20) i una relació risc/benefici pobra. Pel que fa al posicionament, el fet que carteres grans estiguin netes llargues i que el funding sigui positiu només és biaix direccional; a més, l'activitat recent concreta és de tancaments de llargs per part de la mateixa cartera ...5872, cosa que si de cas suggereix presa de beneficis, no una entrada. No copio posicions apalancades alienes operant spot. Amb senyals en conflicte (tendència forta vs. volum feble i extensió), la decisió disciplinada és esperar una consolidació o un retest de la SMA20 amb volum creixent abans de comprar.","[""Weekly Wrap: Bitcoin\u2019s Win Streak Continues"", ""Capital B Raises \u20ac7.6M from Adam Back to Expand Bitcoin Treasury"", ""Polymarket Offers Crypto Perps With 20 Times Leverage"", ""Bitcoin ETFs See Biggest Inflow Of Capital Since January"", ""Bitcoin Rally Accelerates After Surprise Fed Signal""]","Across the 15 best-performing large Hyperliquid wallets sampled, 6 hold a BTC PERPETUAL position, and in aggregate they are net long by roughly 100% ($60,354,447 long vs $0 short); the BTC perpetual funding rate is 0.0013% (longs are paying shorts), which puts the broader market on the long side, the same direction as the wallet sample above. Specific recent activity from the same sampled wallets in the last ~24h: wallet ending ...5872 closed a $80,100 long 42 minutes ago; wallet ending ...5872 closed a $640,000 long 50 minutes ago; wallet ending ...5872 closed a $79,900 long 1 hour ago; wallet ending ...5872 closed a $79,888 long 1 hour ago; wallet ending ...5872 closed a $79,850 long 1 hour ago. These are leveraged perpetual positions (and, where noted above, trades) taken by other traders, not spot holdings, and this bot trades spot without leverage. Treat this as directional bias only, never as confirmation, and never as a reason to act without your own technical justification.",REAL
126,2026-09-05T17:45:53.771256+00:00,ETH-USD,hold,hold,0.62,0.0,,,2477.97998046875,10.44,,,,,"La tendència de fons és clarament alcista: el preu (2.478) cotitza per sobre de la SMA20 (2.389) i molt per sobre de la SMA50 (2.090), amb un RSI de 64 que encara no és de sobrecompra extrema. Tanmateix, hi ha dos problemes clau per obrir llarg aquí. Primer, la pujada del dia (+0,89%) arriba amb un volum que cau gairebé un 60%: és impuls sense confirmació de volum, precisament el tipus de moviment que sol quedar-se sense combustible o retrocedir cap a la mitjana. Segon, el preu està un ~3,7% per sobre de la SMA20 i un ~18% per sobre de la SMA50, és a dir, extès respecte a les mitjanes; entrar en aquest punt implica un stop lògic força allunyat (sota la SMA20) i una relació risc/benefici pobra. Pel que fa al posicionament, el fet que les carteres grans de Hyperliquid estiguin netes llargues i que el funding sigui lleugerament positiu només és biaix direccional; a més, l'activitat recent que es descriu és de tancaments de llargs en les últimes hores, cosa que si de cas apunta a presa de beneficis, no a una entrada. Mai no copiem posicions apalancades alienes. Els titulars (Standard Chartered, Coinbase) són constructius però genèrics i no aporten un catalitzador específic per a ETH avui. Amb senyals mixtos (tendència bona, confirmació dolenta) i un capital molt reduït, la decisió disciplinada és esperar: seria millor una recompra prop de la SMA20 amb repunt de volum, o un trencament de màxims amb volum creixent.","[""Weekly Wrap: Bitcoin\u2019s Win Streak Continues"", ""Polymarket Offers Crypto Perps With 20 Times Leverage"", ""Standard Chartered Launches Spot Bitcoin, Ether Trading for UAE Institutions"", ""Coinbase Brings Crypto Futures to Canadian Traders"", ""Coinbase And Webull Join Forces In Canada""]","Across the 15 best-performing large Hyperliquid wallets sampled, 3 hold a ETH PERPETUAL position, and in aggregate they are net long by roughly 100% ($103,026,554 long vs $0 short); the ETH perpetual funding rate is 0.0013% (longs are paying shorts), which puts the broader market on the long side, the same direction as the wallet sample above. Specific recent activity from the same sampled wallets in the last ~24h: wallet ending ...5872 closed a $124,100 long 13 minutes ago; wallet ending ...ccbb closed a $5,276 long 36 minutes ago; wallet ending ...ccbb closed a $35,948 long 36 minutes ago; wallet ending ...5872 closed a $124,000 long 36 minutes ago; wallet ending ...028c closed a $248,000 long 36 minutes ago. These are leveraged perpetual positions (and, where noted above, trades) taken by other traders, not spot holdings, and this bot trades spot without leverage. Treat this as directional bias only, never as confirmation, and never as a reason to act without your own technical justification.",REAL
127,2026-09-05T17:46:19.588407+00:00,SOL-USD,hold,hold,0.62,0.0,,,103.70999908447266,10.44,,,,,"La tendència és clarament alcista: el preu (103,71) està per sobre de la SMA20 (97,01) i molt per sobre de la SMA50 (83,78), amb un RSI de 65,4 que mostra força però ja s'acosta a la zona de sobrecompra. El problema és la qualitat de l'impuls: la pujada del +1,73% ve acompanyada d'una caiguda del volum del -39,4%, és a dir, momentum sense confirmació de volum, que és precisament el tipus de moviment que sol acabar en consolidació o retrocés cap a la SMA20. El funding rate lleugerament positiu només indica biaix llarg del mercat apalancat; no és cap confirmació i no genera tesi per si sol. Amb el preu estirat un ~7% per sobre de la SMA20 i un ~24% per sobre de la SMA50, entrar ara implicaria un stop llunyà i una relació risc/benefici pobra. A més, l'equity del compte (10,44 USD) fa que qualsevol posició sigui pràcticament irrellevant enfront dels costos. Millor esperar una correcció cap a la zona 97-99 amb repunt de volum, o bé un trencament de màxims amb volum creixent. Mentrestant, esperar.",[],"the SOL perpetual funding rate is 0.0013% (longs are paying shorts), which puts the broader market on the long side. These are leveraged perpetual positions (and, where noted above, trades) taken by other traders, not spot holdings, and this bot trades spot without leverage. Treat this as directional bias only, never as confirmation, and never as a reason to act without your own technical justification.",REAL
128,2026-09-06T01:23:29.448905+00:00,BTC-USD,hold,hold,0.62,0.0,,,79929.90625,10.44,,,,,"La tendència de fons és clarament alcista: el preu (79.930) es manté per sobre de la SMA20 (76.467) i molt per sobre de la SMA50 (69.097), amb una estructura ordenada d'impuls. Tanmateix, no hi ha una entrada de bona qualitat aquí i ara. Primer, el volum ha caigut un 50,5% mentre el preu només puja un 0,32%: és un avanç sense confirmació de volum, exactament el tipus de moviment que es desinfla o es consolida abans de continuar. Segon, l'RSI(14) a 67 està a la vora de la sobrecompra i el preu està estirat un ~4,5% per sobre de la SMA20 i un ~15% per sobre de la SMA50, cosa que implica que qualsevol stop tècnic raonable (sota la SMA20) queda molt lluny i deixa una relació risc/benefici pobra per a una compra de persecució. Els titulars (entrades a ETFs, senyal de la Fed) i el posicionament net llarg dels wallets d'Hyperliquid són només biaix direccional; el wallet ...5872 fa scalping apalancat intradia obrint i tancant en minuts, un estil que no té cap relació amb una posició spot sense palanquejament, i copiar-lo no és una tesi. Sense confirmació de volum i amb el preu estès, la decisió disciplinada és esperar: una consolidació o un retrocés cap a la zona de la SMA20 amb volum creixent seria un punt d'entrada molt millor.","[""Weekly Wrap: Bitcoin\u2019s Win Streak Continues"", ""Capital B Raises \u20ac7.6M from Adam Back to Expand Bitcoin Treasury"", ""Polymarket Offers Crypto Perps With 20 Times Leverage"", ""Bitcoin ETFs See Biggest Inflow Of Capital Since January"", ""Bitcoin Rally Accelerates After Surprise Fed Signal""]","Across the 15 best-performing large Hyperliquid wallets sampled, 7 hold a BTC PERPETUAL position, and in aggregate they are net long by roughly 100% ($60,529,360 long vs $0 short); the BTC perpetual funding rate is 0.0013% (longs are paying shorts), which puts the broader market on the long side, the same direction as the wallet sample above. Specific recent activity from the same sampled wallets in the last ~24h: wallet ending ...5872 closed a $79,950 long 16 minutes ago; wallet ending ...5872 closed a $79,900 long 54 minutes ago; wallet ending ...5872 opened a $79,792 long 2 hours ago; wallet ending ...5872 closed a $79,900 long 4 hours ago; wallet ending ...5872 closed a $79,888 long 4 hours ago. These are leveraged perpetual positions (and, where noted above, trades) taken by other traders, not spot holdings, and this bot trades spot without leverage. Treat this as directional bias only, never as confirmation, and never as a reason to act without your own technical justification.",REAL
129,2026-09-06T01:23:54.794713+00:00,ETH-USD,hold,hold,0.62,0.0,,,2492.820068359375,10.44,,,,,"La tendència de fons és alcista: el preu (2.492 $) està clarament per sobre de la SMA20 (2.390) i molt per sobre de la SMA50 (2.090), amb una estructura de mitjanes ordenada a l'alça. Tanmateix, l'impuls d'avui no està confirmat: la pujada de +1,5% arriba amb un volum que cau un -58,7%, és a dir, moviment de preu sense participació, que és un senyal feble i sovint precedeix una pausa o retrocés cap a la SMA20. A més, l'RSI de 64,7 ja és a la part alta del rang, prop de zona de sobrecompra, de manera que l'entrada aquí seria perseguint preu després d'una extensió considerable respecte a la SMA50 (~19%). Els titulars són constructius però genèrics (adopció institucional, productes de futurs) i no aporten cap catalitzador nou i específic per a ETH. Pel que fa al posicionament, el fet que carteres grans de Hyperliquid estiguin netes llargues és només biaix direccional i, de fet, l'activitat recent concreta és de tancaments de llargs (~620.000 $ en pocs minuts per la mateixa cartera), cosa que si de cas suggereix presa de beneficis; en cap cas és motiu per copiar una posició apalancada quan nosaltres operem spot. Amb senyals en conflicte (tendència bona, confirmació de volum dolenta, RSI elevat) i un capital de compte molt reduït, la decisió disciplinada és esperar: caldria veure una consolidació sobre la SMA20 amb repunt de volum, o un retrocés controlat cap a 2.390-2.400 que aguanti, per plantejar una compra amb risc definit.","[""Weekly Wrap: Bitcoin\u2019s Win Streak Continues"", ""Polymarket Offers Crypto Perps With 20 Times Leverage"", ""Standard Chartered Launches Spot Bitcoin, Ether Trading for UAE Institutions"", ""Coinbase Brings Crypto Futures to Canadian Traders"", ""Coinbase And Webull Join Forces In Canada""]","Across the 15 best-performing large Hyperliquid wallets sampled, 4 hold a ETH PERPETUAL position, and in aggregate they are net long by roughly 100% ($101,627,630 long vs $0 short). Specific recent activity from the same sampled wallets in the last ~24h: wallet ending ...5872 closed a $124,900 long 10 minutes ago; wallet ending ...5872 closed a $249,500 long 20 minutes ago; wallet ending ...5872 closed a $62,350 long 20 minutes ago; wallet ending ...5872 closed a $124,650 long 20 minutes ago; wallet ending ...5872 closed a $62,300 long 20 minutes ago. These are leveraged perpetual positions (and, where noted above, trades) taken by other traders, not spot holdings, and this bot trades spot without leverage. Treat this as directional bias only, never as confirmation, and never as a reason to act without your own technical justification.",REAL
130,2026-09-06T01:24:19.288198+00:00,SOL-USD,hold,hold,0.62,0.0,,,103.5,10.44,,,,,"La tendència de fons és clarament alcista: el preu (103,5) està per sobre de la SMA20 (97,0) i molt per sobre de la SMA50 (83,8), amb les mitjanes ordenades correctament. Tot i això, no hi ha prou qualitat en el senyal per obrir una posició ara mateix. El moviment del +1,5% ve acompanyat d'una caiguda del volum del -33,6%, és a dir, empenta de preu sense confirmació de volum, que és precisament el tipus d'extensió que sol corregir. L'RSI de 65 s'acosta a la zona de sobrecompra i el preu està un ~23% per sobre de la SMA50, de manera que entrar aquí seria perseguir el moviment amb un stop massa llunyà (sota la SMA20) o amb un stop massa proper que saltaria amb soroll normal. El posicionament net llarg de les carteres de Hyperliquid i el funding lleugerament positiu només indiquen biaix direccional; a més, només 1 de 9 carteres té exposició, i són posicions apalancades en perpetuals que no són comparables amb el nostre spot sense palanquejament. No és, per si sol, cap raó per comprar. Sense titulars ni catalitzadors i amb el capital del compte molt reduït, el més disciplinat és esperar una consolidació prop de la SMA20 amb volum creixent abans de considerar una entrada.",[],"Across the 9 best-performing large Hyperliquid wallets sampled, 1 hold a SOL PERPETUAL position, and in aggregate they are net long by roughly 100% ($488,377 long vs $0 short); the SOL perpetual funding rate is 0.0013% (longs are paying shorts), which puts the broader market on the long side, the same direction as the wallet sample above. These are leveraged perpetual positions (and, where noted above, trades) taken by other traders, not spot holdings, and this bot trades spot without leverage. Treat this as directional bias only, never as confirmation, and never as a reason to act without your own technical justification.",REAL
131,2026-09-06T08:09:50.881373+00:00,BTC-USD,hold,buy,0.58,0.0,,,79861.5,10.44,confidence 0.58 is below the 0.65 minimum for this mode,,,,"La tendència és clarament alcista: el preu (79.861) cotitza per sobre de la SMA20 (77.230) i molt per sobre de la SMA50 (69.396), amb les mitjanes ben ordenades, cosa que confirma una estructura de fons sòlida. L'RSI de 66,9 mostra força sense arribar encara a sobrecompra extrema (>70-75), de manera que hi ha marge de recorregut. La pujada del 4,7% ve acompanyada d'un increment de volum del 5,8%: és una confirmació positiva però modesta, no una expansió de volum contundent, i això rebaixa la qualitat del senyal i justifica una mida prudent. Les notícies (entrades rècord en ETFs des de gener, senyal sorpresa de la Fed) donen suport direccional al biaix llarg, però només com a color de fons. Pel que fa al posicionament: el fet que carteres grans de Hyperliquid estiguin netes llargues i que una d'elles hagi obert diverses posicions fa una hora no és per si mateix cap raó per comprar — són posicions perpètues apalancades amb un perfil de risc que no és comparable al nostre spot sense palanquejament, i no en coneixem ni l'horitzó ni les cobertures. El funding lleugerament positiu indica un mercat ja inclinat al costat llarg, la qual cosa fins i tot afegeix risc de purga de llargs. La tesi es basa en la tendència i les mitjanes, no en ells. Stop a 76.300, just per sota de la SMA20 i de l'estructura recent: si es perd, la tendència de curt termini queda invalidada. Objectiu a 87.500, aproximadament el doble de la distància del risc. Confiança moderada per l'RSI elevat i el volum poc convincent.","[""Weekly Wrap: Bitcoin\u2019s Win Streak Continues"", ""Capital B Raises \u20ac7.6M from Adam Back to Expand Bitcoin Treasury"", ""Polymarket Offers Crypto Perps With 20 Times Leverage"", ""Bitcoin ETFs See Biggest Inflow Of Capital Since January"", ""Bitcoin Rally Accelerates After Surprise Fed Signal""]","Across the 15 best-performing large Hyperliquid wallets sampled, 7 hold a BTC PERPETUAL position, and in aggregate they are net long by roughly 100% ($59,785,068 long vs $0 short); the BTC perpetual funding rate is 0.0013% (longs are paying shorts), which puts the broader market on the long side, the same direction as the wallet sample above. Specific recent activity from the same sampled wallets in the last ~24h: wallet ending ...5872 opened a $79,796 long 52 minutes ago; wallet ending ...5872 opened a $79,582 long 55 minutes ago; wallet ending ...5872 opened a $79,706 long 57 minutes ago; wallet ending ...5872 opened a $79,764 long 1 hour ago; wallet ending ...5872 opened a $79,753 long 1 hour ago. These are leveraged perpetual positions (and, where noted above, trades) taken by other traders, not spot holdings, and this bot trades spot without leverage. Treat this as directional bias only, never as confirmation, and never as a reason to act without your own technical justification.",REAL
132,2026-09-06T08:10:16.914518+00:00,ETH-USD,hold,buy,0.56,0.0,,,2499.090087890625,10.44,confidence 0.56 is below the 0.65 minimum for this mode,,,,"La tendència és clarament alcista: el preu (2499) cotitza per sobre de la SMA20 (2419) i molt per sobre de la SMA50 (2103), amb les mitjanes ben ordenades, cosa que confirma una estructura de fons positiva. L'RSI de 65 mostra força sense arribar a zona de sobrecompra extrema, i el moviment del dia (+0,74%) va acompanyat d'un augment de volum del +25,9%, de manera que no és un impuls buit: hi ha confirmació de volum, tot i que el moviment de preu és modest en relació amb l'increment de volum, cosa que resta una mica de qualitat al senyal. Els titulars són constructius (accés institucional a spot ETH via Standard Chartered, expansió de futurs a Canadà) però només aporten biaix, no tesi. Pel que fa al posicionament, les carteres grans estan netes llargues i el funding és lleugerament positiu, però l'activitat recent de les últimes hores és de tancament de llargs (...ccbb i ...028c), la qual cosa suggereix presa de beneficis; això ho tracto només com a biaix contradictori i no com a raó per actuar. La decisió es basa en la tècnica: compra amb stop a 2395, just per sota de la SMA20 i de l'estructura de mínims recents (invalidaria la continuïtat alcista), i objectiu a 2730, amb una relació risc/benefici propera a 2:1. Confiança moderada perquè l'RSI ja és elevat i una consolidació a curt termini és plausible.","[""Weekly Wrap: Bitcoin\u2019s Win Streak Continues"", ""Polymarket Offers Crypto Perps With 20 Times Leverage"", ""Standard Chartered Launches Spot Bitcoin, Ether Trading for UAE Institutions"", ""Coinbase Brings Crypto Futures to Canadian Traders"", ""Coinbase And Webull Join Forces In Canada""]","Across the 15 best-performing large Hyperliquid wallets sampled, 5 hold a ETH PERPETUAL position, and in aggregate they are net long by roughly 100% ($100,881,115 long vs $0 short); the ETH perpetual funding rate is 0.0013% (longs are paying shorts), which puts the broader market on the long side, the same direction as the wallet sample above. Specific recent activity from the same sampled wallets in the last ~24h: wallet ending ...ccbb closed a $62,575 long 5 hours ago; wallet ending ...028c closed a $375,660 long 5 hours ago; wallet ending ...ccbb closed a $41,620 long 7 hours ago; wallet ending ...028c closed a $250,000 long 7 hours ago; wallet ending ...ccbb closed a $41,481 long 10 hours ago. These are leveraged perpetual positions (and, where noted above, trades) taken by other traders, not spot holdings, and this bot trades spot without leverage. Treat this as directional bias only, never as confirmation, and never as a reason to act without your own technical justification.",REAL
133,2026-09-06T08:10:44.362959+00:00,SOL-USD,hold,buy,0.56,0.0,,,105.30000305175781,10.44,confidence 0.56 is below the 0.65 minimum for this mode,,,,"La tendència és clarament alcista: el preu (105,30) es manté per sobre de la SMA20 (98,45) i molt per sobre de la SMA50 (84,37), amb les mitjanes ordenades a l'alça. La pujada del 2% del dia va acompanyada d'un augment del volum del +35%, de manera que el moviment té confirmació de volum i no és un simple 'pump' sense suport. L'RSI de 67 mostra força sense arribar a sobrecompra extrema. El punt feble és l'extensió: el preu està ~7% per sobre de la SMA20 i ~25% per sobre de la SMA50, cosa que fa versemblant una correcció tècnica a curt termini, i per això la confiança és moderada i no elevada. El posicionament net llarg de les carteres de Hyperliquid i el funding lleugerament positiu només aporten un biaix direccional coherent amb la lectura tècnica; no és un motiu per actuar per si mateix i no s'ha ponderat com a confirmació. Col·loco el stop a 96, just per sota de la SMA20, nivell que invalidaria l'estructura alcista de curt termini, i l'objectiu a 122, que ofereix una relació risc/benefici d'aproximadament 1,8:1. Cal notar que l'equity del compte és molt petita (10,44 USD), de manera que la mida efectiva serà mínima.",[],"Across the 15 best-performing large Hyperliquid wallets sampled, 1 hold a SOL PERPETUAL position, and in aggregate they are net long by roughly 100% ($496,970 long vs $0 short); the SOL perpetual funding rate is 0.0013% (longs are paying shorts), which puts the broader market on the long side, the same direction as the wallet sample above. These are leveraged perpetual positions (and, where noted above, trades) taken by other traders, not spot holdings, and this bot trades spot without leverage. Treat this as directional bias only, never as confirmation, and never as a reason to act without your own technical justification.",REAL
134,2026-09-06T14:27:52.477848+00:00,BTC-USD,hold,buy,0.58,0.0,,,79688.25,10.44,confidence 0.58 is below the 0.60 minimum for this mode,,,,"L'estructura tècnica és clarament alcista: el preu (79.688) cotitza per sobre de la SMA20 (77.221) i molt per sobre de la SMA50 (69.393), amb les mitjanes en ordre alcista, cosa que confirma una tendència establerta i no un simple pic puntual. L'RSI de 66 mostra força sense arribar encara a zona de sobrecompra extrema, i la sessió actual és una consolidació plana (-0,17%) després de l'avanç, no una distribució. El volum acompanya lleugerament (+8,3%), un suport modest però positiu: no és una explosió de volum, de manera que la confirmació és feble i això rebaixa la qualitat del setup. Els titulars (entrades rècord en ETFs, senyal de la Fed) donen un biaix direccional coherent, però no són per si sols un motiu de compra. Pel que fa al posicionament: el fet que carteres grans estiguin netes llargues i que una d'elles hagi obert llargs fa minuts és només biaix informatiu; són posicions perpètues amb palanquejament, desconec les seves entrades i horitzons, i no hi baso la decisió. El risc principal és l'extensió: el preu està ~15% per sobre de la SMA50, de manera que una reversió a la mitjana pot ser brusca. Per això col·loco l'stop a 76.400, just per sota de la SMA20 i de l'estructura recent de mínims (una pèrdua d'aquest nivell invalidaria la tesi de continuïtat), i l'objectiu a 86.500, oferint una relació risc/benefici propera a 2:1. Confiança moderada per la manca de confirmació forta de volum.","[""Weekly Wrap: Bitcoin\u2019s Win Streak Continues"", ""Capital B Raises \u20ac7.6M from Adam Back to Expand Bitcoin Treasury"", ""Polymarket Offers Crypto Perps With 20 Times Leverage"", ""Bitcoin ETFs See Biggest Inflow Of Capital Since January"", ""Bitcoin Rally Accelerates After Surprise Fed Signal""]","Across the 15 best-performing large Hyperliquid wallets sampled, 7 hold a BTC PERPETUAL position, and in aggregate they are net long by roughly 100% ($59,736,727 long vs $0 short); the BTC perpetual funding rate is 0.0013% (longs are paying shorts), which puts the broader market on the long side, the same direction as the wallet sample above. Specific recent activity from the same sampled wallets in the last ~24h: wallet ending ...5872 opened a $79,681 long 9 minutes ago; wallet ending ...5872 opened a $79,803 long 50 minutes ago; wallet ending ...5872 opened a $79,859 long 2 hours ago; wallet ending ...5872 closed a $79,950 long 5 hours ago; wallet ending ...5872 closed a $79,900 long 5 hours ago. These are leveraged perpetual positions (and, where noted above, trades) taken by other traders, not spot holdings, and this bot trades spot without leverage. Treat this as directional bias only, never as confirmation, and never as a reason to act without your own technical justification.",REAL
135,2026-09-06T14:28:26.417688+00:00,ETH-USD,hold,buy,0.58,0.0,,,2483.5400390625,10.44,confidence 0.58 is below the 0.60 minimum for this mode,,,,"La estructura tècnica és alcista i ordenada: el preu (2483) cotitza per sobre de la SMA20 (2418) i molt per sobre de la SMA50 (2102), amb les mitjanes correctament apilades, cosa que confirma una tendència alcista intermèdia intacta. L'RSI de 64 mostra força sense arribar a zona de sobrecompra extrema, així que encara hi ha recorregut abans d'esgotament. A diferència de molts impulsos febles, aquí el volum acompanya (+31,8%) mentre el preu només avança un 0,11% en la sessió: no és un 'pump' vertical sense suport, sinó consolidació amb participació, la qual cosa és una configuració de continuació més sana. El posicionament de les grans carteres de Hyperliquid (100% net llarg) i el funding lleugerament positiu són coherents amb el biaix alcista, però els tracto només com a color direccional: són posicions perpètues apalancades de tercers de les quals desconec entrada, horitzó i cobertures, i no afegeixen res per si soles a la decisió; les compres repetides del wallet ...5872 no són cap confirmació. Els titulars (Standard Chartered oferint spot ETH a institucions dels EAU, expansió de derivats a Canadà) donen un rerefons constructiu d'adopció, sense ser catalitzadors immediats. Risc: el preu està un 3% per sobre de la SMA20 i un 18% per sobre de la SMA50, de manera que una correcció de reversió a la mitjana és plausible. Col·loco l'stop a 2385, just per sota de la SMA20 i del suport recent (~1,4% per sota d'aquesta mitjana), perquè perdre aquest nivell invalidaria la tesi de continuació. Objectiu a 2720, una extensió raonable de l'impuls, amb una relació risc/benefici aproximada de 2,4:1. Confiança moderada: la tendència és clara però l'entrada no és en suport sinó a mig camí del rang.","[""Weekly Wrap: Bitcoin\u2019s Win Streak Continues"", ""Polymarket Offers Crypto Perps With 20 Times Leverage"", ""Standard Chartered Launches Spot Bitcoin, Ether Trading for UAE Institutions"", ""Coinbase Brings Crypto Futures to Canadian Traders"", ""Coinbase And Webull Join Forces In Canada""]","Across the 15 best-performing large Hyperliquid wallets sampled, 5 hold a ETH PERPETUAL position, and in aggregate they are net long by roughly 100% ($100,846,235 long vs $0 short); the ETH perpetual funding rate is 0.0013% (longs are paying shorts), which puts the broader market on the long side, the same direction as the wallet sample above. Specific recent activity from the same sampled wallets in the last ~24h: wallet ending ...5872 opened a $62,020 long 6 minutes ago; wallet ending ...5872 opened a $62,091 long 10 minutes ago; wallet ending ...5872 opened a $62,206 long 14 minutes ago; wallet ending ...5872 opened a $62,219 long 16 minutes ago; wallet ending ...5872 opened a $62,228 long 17 minutes ago. These are leveraged perpetual positions (and, where noted above, trades) taken by other traders, not spot holdings, and this bot trades spot without leverage. Treat this as directional bias only, never as confirmation, and never as a reason to act without your own technical justification.",REAL
136,2026-09-06T14:28:54.291857+00:00,SOL-USD,hold,buy,0.57,0.0,,,106.05000305175781,10.44,confidence 0.57 is below the 0.60 minimum for this mode,,,,"Tendència clarament alcista: el preu (106,05) cotitza per sobre de la SMA20 (98,49) i molt per sobre de la SMA50 (84,38), amb les mitjanes ben ordenades. La pujada del 2,77% ve acompanyada d'un augment de volum del +63%, és a dir, hi ha confirmació de volum i no és un simple impuls buit de preu. L'RSI de 67,9 mostra força però ja s'acosta a zona de sobrecompra, i el preu està un ~25% per sobre de la SMA50, cosa que deixa marge per a una correcció tècnica; per això la confiança és moderada i no alta. El posicionament net llarg de les carteres i el funding lleugerament positiu només s'utilitzen com a biaix direccional coincident, mai com a raó per entrar: la tesi es basa en preu i volum. Situo l'stop a 96,5, just per sota de la SMA20 i de l'estructura de suport recent, de manera que una pèrdua d'aquest nivell invalidaria la continuïtat alcista. Objectiu a 126, que dona una relació risc/benefici propera a 2:1.",[],"Across the 15 best-performing large Hyperliquid wallets sampled, 1 hold a SOL PERPETUAL position, and in aggregate they are net long by roughly 100% ($500,606 long vs $0 short); the SOL perpetual funding rate is 0.0013% (longs are paying shorts), which puts the broader market on the long side, the same direction as the wallet sample above. These are leveraged perpetual positions (and, where noted above, trades) taken by other traders, not spot holdings, and this bot trades spot without leverage. Treat this as directional bias only, never as confirmation, and never as a reason to act without your own technical justification.",REAL
137,2026-09-06T17:48:34.631721+00:00,BTC-USD,hold,buy,0.58,0.0,,,79733.7421875,10.44,confidence 0.58 is below the 0.60 minimum for this mode,,,,"La tendència és clarament alcista: el preu (79.734) cotitza per sobre de la SMA20 (77.223) i molt per sobre de la SMA50 (69.393), amb les mitjanes ben ordenades, cosa que confirma una estructura de continuïtat. L'RSI de 66 mostra força sense arribar a zona de sobrecompra extrema, i la sessió actual és només una pausa lateral (-0,11%), no un trencament. El volum puja un 3,7%, una confirmació modesta i no espectacular: cal reconèixer que l'impuls no ve acompanyat d'una expansió de volum contundent, per la qual cosa rebaixo la confiança i la mida de l'entrada. Els titulars (entrades rècord en ETFs, senyal sorpresa de la Fed) i el posicionament net llarg de les carteres grans de Hyperliquid aporten només biaix direccional, mai confirmació; a més, dues carteres van tancar llargs importants fa 15 hores, senyal que hi ha presa de beneficis. No copio cap posició apalancada: l'operació es justifica per l'estructura de preu. Stop a 75.800, just per sota de la SMA20 i de l'última zona de suport, perquè perdre aquest nivell invalidaria la tesi de continuïtat. Objectiu a 88.500, amb una relació risc/benefici propera a 2:1. El preu està un 15% per sobre de la SMA50, cosa que augmenta el risc d'una correcció de reversió a la mitjana; per això la confiança és moderada.","[""Weekly Wrap: Bitcoin\u2019s Win Streak Continues"", ""Capital B Raises \u20ac7.6M from Adam Back to Expand Bitcoin Treasury"", ""Polymarket Offers Crypto Perps With 20 Times Leverage"", ""Bitcoin ETFs See Biggest Inflow Of Capital Since January"", ""Bitcoin Rally Accelerates After Surprise Fed Signal""]","Across the 15 best-performing large Hyperliquid wallets sampled, 6 hold a BTC PERPETUAL position, and in aggregate they are net long by roughly 100% ($12,262,732 long vs $0 short); the BTC perpetual funding rate is 0.0013% (longs are paying shorts), which puts the broader market on the long side, the same direction as the wallet sample above. Specific recent activity from the same sampled wallets in the last ~24h: wallet ending ...ccbb closed a $131,706 long 15 hours ago; wallet ending ...028c closed a $799,008 long 15 hours ago. These are leveraged perpetual positions (and, where noted above, trades) taken by other traders, not spot holdings, and this bot trades spot without leverage. Treat this as directional bias only, never as confirmation, and never as a reason to act without your own technical justification.",REAL
138,2026-09-06T17:49:05.618394+00:00,ETH-USD,hold,buy,0.57,0.0,,,2492.679931640625,10.44,confidence 0.57 is below the 0.60 minimum for this mode,,,,"La tendència és clarament alcista: el preu (2492) cotitza per sobre de la SMA20 (2418) i molt per sobre de la SMA50 (2102), amb les mitjanes ben ordenades, cosa que confirma una estructura de continuïtat i no un simple rebot puntual. L'RSI de 64,8 mostra força però encara no zona de sobrecompra extrema, deixant marge de recorregut. El moviment del dia és modest (+0,48%) però ve acompanyat d'un augment de volum del 35%, de manera que no estem davant d'un 'pump' sense confirmació: l'interès comprador dona suport al preu prop de màxims relatius. Els titulars (Standard Chartered obrint spot BTC/ETH per a institucions als EAU, expansió de Coinbase) reforcen un context favorable, però només com a biaix, no com a raó principal. Sobre el posicionament de Hyperliquid: encara que les carteres mostrejades estiguin netes llargues al 100% i una hagi obert un llarg de 2,7 M$, són posicions apalancades de perpetus amb horitzons i cobertures desconegudes; ho tracto com a soroll direccional i no com a confirmació — de fet diverses carteres han tancat llargs les últimes 16 h, senyal contradictori. La decisió es basa en la tècnica. Stop a 2378, just per sota de la SMA20 i de l'estructura de suport recent: si es perd, la tesi de continuïtat queda invalidada. Objectiu a 2760, aproximadament 2,2 vegades el risc assumit. Confiança moderada perquè l'RSI ja és elevat i una consolidació lateral és un escenari plausible.","[""Weekly Wrap: Bitcoin\u2019s Win Streak Continues"", ""Polymarket Offers Crypto Perps With 20 Times Leverage"", ""Standard Chartered Launches Spot Bitcoin, Ether Trading for UAE Institutions"", ""Coinbase Brings Crypto Futures to Canadian Traders"", ""Coinbase And Webull Join Forces In Canada""]","Across the 15 best-performing large Hyperliquid wallets sampled, 5 hold a ETH PERPETUAL position, and in aggregate they are net long by roughly 100% ($5,224,304 long vs $0 short). Specific recent activity from the same sampled wallets in the last ~24h: wallet ending ...3394 opened a $2,761,238 long 1 hour ago; wallet ending ...ccbb closed a $62,575 long 15 hours ago; wallet ending ...028c closed a $375,660 long 15 hours ago; wallet ending ...ccbb closed a $41,620 long 16 hours ago; wallet ending ...028c closed a $250,000 long 16 hours ago. These are leveraged perpetual positions (and, where noted above, trades) taken by other traders, not spot holdings, and this bot trades spot without leverage. Treat this as directional bias only, never as confirmation, and never as a reason to act without your own technical justification.",REAL
139,2026-09-06T17:49:36.818595+00:00,SOL-USD,hold,buy,0.57,0.0,,,106.01000213623047,10.44,confidence 0.57 is below the 0.60 minimum for this mode,,,,"Tendència alcista clara i ordenada: el preu (106,01) està per sobre de la SMA20 (98,49) i molt per sobre de la SMA50 (84,38), amb les mitjanes alineades a l'alça. L'avanç del dia (+2,74%) va acompanyat d'un augment de volum del +61,8%, de manera que el moviment té confirmació de volum i no és un simple pump sense participació. El RSI de 67,8 mostra força però ja s'acosta a zona de sobrecompra, i el preu cotitza ~26% per sobre de la SMA50, cosa que indica extensió i risc de retrocés tècnic; per això la confiança és moderada i no alta. El posicionament net llarg de les carteres de Hyperliquid i el funding lleugerament positiu només aporten un biaix direccional coherent amb la lectura tècnica, però no són en cap cas el motiu de l'operació ni afegeixen certesa: són posicions apalancades de perpetus, mentre que aquí s'opera spot sense palanquejament. Stop col·locat a 97,0, just per sota de la SMA20, nivell que si es perd invalidaria l'estructura alcista de curt termini; objectiu a 124,0, que dona una relació risc/benefici propera a 2:1. Cal tenir present que l'equity del compte és molt petit ($10,44), de manera que la mida efectiva serà mínima.",[],"Across the 15 best-performing large Hyperliquid wallets sampled, 1 hold a SOL PERPETUAL position, and in aggregate they are net long by roughly 100% ($500,417 long vs $0 short); the SOL perpetual funding rate is 0.0013% (longs are paying shorts), which puts the broader market on the long side, the same direction as the wallet sample above. These are leveraged perpetual positions (and, where noted above, trades) taken by other traders, not spot holdings, and this bot trades spot without leverage. Treat this as directional bias only, never as confirmation, and never as a reason to act without your own technical justification.",REAL
140,2026-09-06T21:48:03.953874+00:00,BTC-USD,hold,buy,0.56,0.0,,,79984.53125,10.44,confidence 0.56 is below the 0.60 minimum for this mode,,,,"La tendència és clarament alcista: el preu (79.985) està per sobre de la SMA20 (77.236) i molt per sobre de la SMA50 (69.399), amb l'estructura de mitjanes ben ordenada, cosa que dona suport a una entrada de seguiment de tendència. L'RSI de 67 mostra força sense estar encara en sobrecompra extrema. Els titulars (entrades rècord als ETFs, senyal sorpresa de la Fed) reforcen el biaix, però només com a color, no com a tesi. Punts febles que rebaixen la convicció: la variació de preu del dia és mínima (+0,20%) i el volum cau lleugerament (-1,76%), és a dir, l'impuls recent NO està confirmat per volum; a més el preu ja cotitza ~3,5% per sobre de la SMA20 i ~15% per sobre de la SMA50, cosa que fa que l'entrada sigui extensa i vulnerable a una correcció de retorn a la mitjana. El posicionament net llarg de les carteres de Hyperliquid i el funding positiu són només biaix direccional; de fet dues carteres han tancat llargs en les últimes 24h, senyal ambigu, i en cap cas és motiu per copiar posicions apalancades quan aquí operem spot sense palanquejament. Per això entro amb convicció moderada i stop just per sota de la SMA20 (76.200), nivell que invalidaria l'estructura alcista de curt termini, i objectiu a 88.000 (relació risc/benefici ~2:1).","[""Weekly Wrap: Bitcoin\u2019s Win Streak Continues"", ""Capital B Raises \u20ac7.6M from Adam Back to Expand Bitcoin Treasury"", ""Polymarket Offers Crypto Perps With 20 Times Leverage"", ""Bitcoin ETFs See Biggest Inflow Of Capital Since January"", ""Bitcoin Rally Accelerates After Surprise Fed Signal""]","Across the 15 best-performing large Hyperliquid wallets sampled, 6 hold a BTC PERPETUAL position, and in aggregate they are net long by roughly 100% ($12,299,190 long vs $0 short); the BTC perpetual funding rate is 0.0013% (longs are paying shorts), which puts the broader market on the long side, the same direction as the wallet sample above. Specific recent activity from the same sampled wallets in the last ~24h: wallet ending ...ccbb closed a $131,706 long 19 hours ago; wallet ending ...028c closed a $799,008 long 19 hours ago. These are leveraged perpetual positions (and, where noted above, trades) taken by other traders, not spot holdings, and this bot trades spot without leverage. Treat this as directional bias only, never as confirmation, and never as a reason to act without your own technical justification.",REAL
141,2026-09-06T21:48:50.666245+00:00,ETH-USD,buy,buy,0.6,20.0,2395.0,2780.0,2510.159912109375,10.44,risk-based size 21.80% clamped to the 20.00% absolute position cap,skipped,,,"L'estructura tècnica és clarament alcista: el preu (2510) cotitza per sobre de la SMA20 (2419) i molt per sobre de la SMA50 (2103), amb les mitjanes ben ordenades, la qual cosa indica una tendència sostinguda i no un simple repunt puntual. L'RSI de 65,7 mostra força però encara no arriba a zona d'excés (>70), de manera que queda recorregut abans d'un esgotament clàssic. El punt més rellevant és que la pujada del dia (+1,19%) va acompanyada d'un augment de volum del +39,6%: no és un 'pump' sense participació, sinó un moviment amb confirmació de volum, que és el que exigeixo per validar el moment. Els titulars (accés institucional d'Standard Chartered a spot ETH, expansió de productes a Coinbase) donen un context de fons favorable, però només com a biaix, no com a tesi. Pel que fa al market_positioning, les carteres grans d'Hyperliquid estan netes llargues al 100% i el funding és lleugerament positiu; ho tracto exclusivament com a color direccional; no copio posicions apalancades de tercers i no seria motiu suficient per operar sense la base tècnica anterior. De fet, el funding positiu i el posicionament unànime al costat llarg són també un risc de saturació i de possible neteja de llargs. Gestió de risc: stop a 2395, just per sota de la SMA20 i de la zona de suport recent, ja que perdre aquest nivell invalidaria l'estructura d'impuls; objectiu a 2780, que dona una relació risc/benefici propera a 2,3:1. Confiança moderada (0,6): la tendència és sòlida però l'entrada es fa amb el preu ja estirat respecte de la SMA20 (~4%), fet que augmenta la probabilitat d'una correcció tècnica abans de la continuació.","[""Weekly Wrap: Bitcoin\u2019s Win Streak Continues"", ""Polymarket Offers Crypto Perps With 20 Times Leverage"", ""Standard Chartered Launches Spot Bitcoin, Ether Trading for UAE Institutions"", ""Coinbase Brings Crypto Futures to Canadian Traders"", ""Coinbase And Webull Join Forces In Canada""]","Across the 15 best-performing large Hyperliquid wallets sampled, 5 hold a ETH PERPETUAL position, and in aggregate they are net long by roughly 100% ($6,060,514 long vs $0 short); the ETH perpetual funding rate is 0.0013% (longs are paying shorts), which puts the broader market on the long side, the same direction as the wallet sample above. Specific recent activity from the same sampled wallets in the last ~24h: wallet ending ...65de closed a $77,207 long 2 hours ago; wallet ending ...3394 opened a $773,974 long 3 hours ago; wallet ending ...3394 opened a $2,761,238 long 5 hours ago; wallet ending ...ccbb closed a $62,575 long 19 hours ago; wallet ending ...028c closed a $375,660 long 19 hours ago. These are leveraged perpetual positions (and, where noted above, trades) taken by other traders, not spot holdings, and this bot trades spot without leverage. Treat this as directional bias only, never as confirmation, and never as a reason to act without your own technical justification.",REAL
142,2026-09-06T21:49:20.498989+00:00,SOL-USD,hold,buy,0.58,0.0,,,106.12999725341797,10.44,confidence 0.58 is below the 0.60 minimum for this mode,,,,"La tendència és clarament alcista: el preu (106,13) es manté per sobre de la SMA20 (98,49) i molt per sobre de la SMA50 (84,39), amb un ordre de mitjanes correcte i pendent positiva. El moviment del dia (+2,85%) va acompanyat d'un augment de volum del +60%, cosa que sí que aporta confirmació al moviment i no és un simple 'pump' sense participació. El RSI a 68 mostra força però ja s'acosta a zona de sobrecompra, i el preu està ~7,8% per sobre de la SMA20, és a dir, estirat respecte a la mitjana: això limita la confiança i aconsella una mida prudent. El posicionament net llarg dels wallets de Hyperliquid i el funding lleugerament positiu només s'apunten com a biaix direccional coincident amb la lectura tècnica; no són en cap cas la raó de l'operació ni una confirmació, i són posicions apalancades no comparables amb una compra spot. Col·loco l'stop a 97,0, just per sota de la SMA20 i de la zona de suport recent: si es perd aquest nivell, l'estructura alcista de curt termini queda invalidada. Objectiu a 124, que dona una relació risc/benefici propera a 2:1. Confiança moderada per l'extensió del preu i el RSI elevat.",[],"Across the 15 best-performing large Hyperliquid wallets sampled, 1 hold a SOL PERPETUAL position, and in aggregate they are net long by roughly 100% ($501,031 long vs $0 short); the SOL perpetual funding rate is 0.0013% (longs are paying shorts), which puts the broader market on the long side, the same direction as the wallet sample above. These are leveraged perpetual positions (and, where noted above, trades) taken by other traders, not spot holdings, and this bot trades spot without leverage. Treat this as directional bias only, never as confirmation, and never as a reason to act without your own technical justification.",REAL
143,2026-09-07T01:22:00.199919+00:00,BTC-USD,hold,buy,0.57,0.0,,,79898.5625,10.44,confidence 0.57 is below the 0.60 minimum for this mode,,,,"La estructura tècnica és clarament alcista: el preu (79.898) cotitza per sobre de la SMA20 (77.231) i molt per sobre de la SMA50 (69.397), amb les mitjanes ordenades a favor de la tendència. L'RSI de 67 mostra força sense arribar encara a sobrecompra extrema. El volum acompanya moderadament (+9,6%), cosa que dóna un mínim de confirmació al moviment, tot i que la variació de preu del dia és pràcticament plana (+0,09%): és una pausa/consolidació dins d'una tendència, no una embranzida nova. Els titulars (entrades rècord en ETFs, senyal sorpresa de la Fed) reforcen el biaix però no creen la tesi per si sols. El posicionament net llarg dels wallets d'Hyperliquid i el funding lleugerament positiu són només biaix direccional; a més, dos wallets van tancar llargs importants fa 22 hores, cosa que relativitza encara més aquesta lectura, i en cap cas es copia una posició apalancada. El risc principal és l'extensió: el preu està ~15% per sobre de la SMA50, la qual cosa fa versemblant una correcció de retorn a la mitjana. Per això col·loco l'stop just per sota de la SMA20 i de l'estructura recent (76.200, ~4,6% avall) i l'objectiu a 88.000, amb una relació risc/benefici propera a 2,2:1. Confiança moderada: la tendència és favorable però l'entrada no és òptima per l'extensió acumulada.","[""Weekly Wrap: Bitcoin\u2019s Win Streak Continues"", ""Capital B Raises \u20ac7.6M from Adam Back to Expand Bitcoin Treasury"", ""Polymarket Offers Crypto Perps With 20 Times Leverage"", ""Bitcoin ETFs See Biggest Inflow Of Capital Since January"", ""Bitcoin Rally Accelerates After Surprise Fed Signal""]","Across the 15 best-performing large Hyperliquid wallets sampled, 6 hold a BTC PERPETUAL position, and in aggregate they are net long by roughly 100% ($12,289,291 long vs $0 short); the BTC perpetual funding rate is 0.0013% (longs are paying shorts), which puts the broader market on the long side, the same direction as the wallet sample above. Specific recent activity from the same sampled wallets in the last ~24h: wallet ending ...ccbb closed a $131,706 long 22 hours ago; wallet ending ...028c closed a $799,008 long 22 hours ago. These are leveraged perpetual positions (and, where noted above, trades) taken by other traders, not spot holdings, and this bot trades spot without leverage. Treat this as directional bias only, never as confirmation, and never as a reason to act without your own technical justification.",REAL
144,2026-09-07T01:22:29.571004+00:00,ETH-USD,hold,buy,0.57,0.0,,,2503.639892578125,10.44,confidence 0.57 is below the 0.60 minimum for this mode,,,,"La tendència és clarament alcista: el preu (2.503) està per sobre de la SMA20 (2.419) i molt per sobre de la SMA50 (2.103), amb les mitjanes ordenades de forma alcista. L'RSI de 65 mostra força però encara no arriba a zona de sobrecompra extrema, cosa que deixa recorregut. El punt clau és que la pujada del dia (+0,92%) va acompanyada d'un augment de volum del +48%, és a dir, hi ha confirmació de volum i no es tracta d'un simple impuls buit de preu. El context de titulars és constructiu (entrada institucional via Standard Chartered, expansió de productes a Coinbase), però només actua com a color de fons. Sobre el market_positioning: el fet que 7 carteres grans estiguin netes llargues i que una wallet hagi obert diversos longs de ~100k fa un minut és només biaix direccional; són posicions perpètues apalancades amb un perfil de risc que no és comparable al nostre spot sense palanquejament, i no serien mai per si soles motiu per comprar. El finançament lleugerament positiu indica també que hi ha certa complaença dels llargs, un risc de purga. El principal argument en contra és l'extensió: el preu està ~19% per sobre de la SMA50, cosa que fa versemblant una reversió a la mitjana; per això la confiança és moderada i no alta. Situo l'stop a 2.385, just per sota de la SMA20 i de l'estructura recent, ja que perdre aquest nivell invalidaria la continuació de la tendència; l'objectiu a 2.760 dona una relació risc/benefici propera a 2:1.","[""Weekly Wrap: Bitcoin\u2019s Win Streak Continues"", ""Polymarket Offers Crypto Perps With 20 Times Leverage"", ""Standard Chartered Launches Spot Bitcoin, Ether Trading for UAE Institutions"", ""Coinbase Brings Crypto Futures to Canadian Traders"", ""Coinbase And Webull Join Forces In Canada""]","Across the 15 best-performing large Hyperliquid wallets sampled, 7 hold a ETH PERPETUAL position, and in aggregate they are net long by roughly 100% ($14,461,899 long vs $0 short); the ETH perpetual funding rate is 0.0013% (longs are paying shorts), which puts the broader market on the long side, the same direction as the wallet sample above. Specific recent activity from the same sampled wallets in the last ~24h: wallet ending ...6951 opened a $28,869 long 1 minute ago; wallet ending ...6951 opened a $106,148 long 1 minute ago; wallet ending ...6951 opened a $106,152 long 1 minute ago; wallet ending ...6951 opened a $106,157 long 1 minute ago; wallet ending ...6951 opened a $106,161 long 1 minute ago. These are leveraged perpetual positions (and, where noted above, trades) taken by other traders, not spot holdings, and this bot trades spot without leverage. Treat this as directional bias only, never as confirmation, and never as a reason to act without your own technical justification.",REAL
145,2026-09-07T01:22:55.496123+00:00,SOL-USD,hold,buy,0.57,0.0,,,105.55999755859375,10.44,confidence 0.57 is below the 0.60 minimum for this mode,,,,"L'estructura és clarament alcista: el preu (105,56) cotitza per sobre de la SMA20 (98,46) i molt per sobre de la SMA50 (84,37), amb les mitjanes ben ordenades, cosa que confirma una tendència de fons sostinguda. El moviment del dia (+2,3%) va acompanyat d'un augment de volum del +71%, de manera que no és un impuls buit: hi ha confirmació de volum, que és el requisit mínim per considerar la continuació. El punt feble és l'extensió: l'RSI(14) a 67,4 s'acosta a zona de sobrecompra i el preu està ~7% per sobre de la SMA20 i ~25% per sobre de la SMA50, cosa que fa versemblant una correcció o consolidació abans de continuar; per això la confiança és moderada i no alta. La nota de posicionament (una sola cartera llarga en perpetus) és només biaix direccional i no aporta prou pes per si sola; no s'utilitza com a argument, només com a context no contradictori. Col·loco l'stop a 96,5, just per sota de la SMA20, ja que una pèrdua d'aquest suport invalidaria la tesi de continuació de tendència; l'objectiu a 123 dona una relació risc/benefici propera a 2:1. La mida real la recalcula el sistema a partir de la distància de l'stop.",[],"Across the 15 best-performing large Hyperliquid wallets sampled, 1 hold a SOL PERPETUAL position, and in aggregate they are net long by roughly 100% ($498,387 long vs $0 short). These are leveraged perpetual positions (and, where noted above, trades) taken by other traders, not spot holdings, and this bot trades spot without leverage. Treat this as directional bias only, never as confirmation, and never as a reason to act without your own technical justification.",REAL
146,2026-09-07T08:40:51.192931+00:00,BTC-USD,hold,buy,0.56,0.0,,,79462.171875,10.44,confidence 0.56 is below the 0.60 minimum for this mode,,,,"L'estructura de tendència és clarament alcista: el preu (79.462) es manté per sobre de la SMA20 (77.993) i molt per sobre de la SMA50 (69.701), amb les mitjanes ben ordenades. L'RSI de 64 mostra impuls sense arribar a sobrecompra extrema, cosa que deixa marge de recorregut. La caiguda del -1,1% és una pausa menor dins d'una sèrie de setmanes guanyadores, i el context de fluxos (entrades rècord als ETFs des de gener, senyal sorpresa de la Fed) dóna suport direccional, tot i que només com a biaix, no com a confirmació. Punt feble explícit: el volum puja un 19% en una sessió a la baixa, la qual cosa no és confirmació de la pujada sinó una lleu senyal de distribució; a més, el preu està un ~14% per sobre de la SMA50, és a dir, estirat, cosa que augmenta el risc d'una correcció de reversió a la mitjana. El posicionament net llarg de les carteres grans i les operacions recents (obertures i tancaments simultanis) són perps amb palanquejament i no aporten cap raó independent per operar: no els copio, només noto que no contradiuen la lectura tècnica. Entro amb mida moderada, stop a 75.800 (per sota de la SMA20 i de l'estructura de mínims recents, invalidant la tesi alcista de curt termini) i objectiu a 88.500, amb una relació risc/benefici propera a 2,4:1. La confiança és moderada perquè la divergència volum/preu i l'extensió respecte a la SMA50 limiten la qualitat del setup.","[""Weekly Wrap: Bitcoin\u2019s Win Streak Continues"", ""Capital B Raises \u20ac7.6M from Adam Back to Expand Bitcoin Treasury"", ""Polymarket Offers Crypto Perps With 20 Times Leverage"", ""Bitcoin ETFs See Biggest Inflow Of Capital Since January"", ""Bitcoin Rally Accelerates After Surprise Fed Signal""]","Across the 15 best-performing large Hyperliquid wallets sampled, 7 hold a BTC PERPETUAL position, and in aggregate they are net long by roughly 100% ($13,720,461 long vs $0 short); the BTC perpetual funding rate is 0.0010% (longs are paying shorts), which puts the broader market on the long side, the same direction as the wallet sample above. Specific recent activity from the same sampled wallets in the last ~24h: wallet ending ...ccbb closed a $130,956 long 28 minutes ago; wallet ending ...028c closed a $794,440 long 28 minutes ago; wallet ending ...be21 opened a $2,416,805 long 57 minutes ago. These are leveraged perpetual positions (and, where noted above, trades) taken by other traders, not spot holdings, and this bot trades spot without leverage. Treat this as directional bias only, never as confirmation, and never as a reason to act without your own technical justification.",REAL
147,2026-09-07T08:41:23.043180+00:00,ETH-USD,hold,buy,0.55,0.0,,,2492.360107421875,10.44,confidence 0.55 is below the 0.60 minimum for this mode,,,,"L'estructura tècnica és clarament alcista: el preu (2492) cotitza per damunt de la SMA20 (2448) i molt per damunt de la SMA50 (2115), amb les mitjanes ordenades a l'alça, cosa que indica una tendència primària intacta. L'RSI de 63,7 és fort però encara no en zona d'esgotament extrem, i la caiguda del -0,88% en l'última sessió és un retrocés menor dins la tendència, un punt d'entrada habitual per continuació. Punts en contra que rebaixen la qualitat del setup: el volum puja un +10,5% en una sessió de preu lleugerament negatiu, cosa que no és confirmació de la pujada sinó més aviat un senyal de pressió venedora incipient; a més, el preu està ~18% per damunt de la SMA50, és a dir, extès, amb risc d'una correcció de reversió a la mitjana. Els titulars (Standard Chartered, Coinbase, adopció institucional) són un context favorable però no creen tesi per si sols. Pel que fa al market_positioning, les carteres grans estan netes llargues i el funding és lleugerament positiu, però l'activitat recent és mixta (tres tancaments de llargs contra dues obertures petites) i, en qualsevol cas, són posicions perpètues apalancades que no són comparables amb una compra spot; només ho considero un biaix direccional lleu, mai confirmació. Conclusió: compra de continuació de tendència amb mida moderada, stop a 2385 (per sota de la SMA20 i de l'estructura recent, ~4,3% de risc) i objectiu a 2745 (~10%), amb una relació risc/benefici acceptable. La confiança és modesta precisament per la manca de confirmació de volum i l'extensió del preu.","[""Weekly Wrap: Bitcoin\u2019s Win Streak Continues"", ""Polymarket Offers Crypto Perps With 20 Times Leverage"", ""Standard Chartered Launches Spot Bitcoin, Ether Trading for UAE Institutions"", ""Coinbase Brings Crypto Futures to Canadian Traders"", ""Coinbase And Webull Join Forces In Canada""]","Across the 15 best-performing large Hyperliquid wallets sampled, 7 hold a ETH PERPETUAL position, and in aggregate they are net long by roughly 100% ($24,442,966 long vs $0 short); the ETH perpetual funding rate is 0.0013% (longs are paying shorts), which puts the broader market on the long side, the same direction as the wallet sample above. Specific recent activity from the same sampled wallets in the last ~24h: wallet ending ...ccbb closed a $62,195 long 28 minutes ago; wallet ending ...028c closed a $373,425 long 28 minutes ago; wallet ending ...65de closed a $199,024 long 1 hour ago; wallet ending ...6951 opened a $19,818 long 1 hour ago; wallet ending ...6951 opened a $19,819 long 1 hour ago. These are leveraged perpetual positions (and, where noted above, trades) taken by other traders, not spot holdings, and this bot trades spot without leverage. Treat this as directional bias only, never as confirmation, and never as a reason to act without your own technical justification.",REAL
148,2026-09-07T08:41:54.036260+00:00,SOL-USD,hold,hold,0.6,0.0,,,104.69000244140625,10.44,,,,,"L'estructura de fons és clarament alcista: el preu (104,69) està per sobre de la SMA20 (99,89) i molt per sobre de la SMA50 (84,96), amb la SMA20 creuada a l'alça sobre la SMA50. Tot i això, no hi ha un detonant net per entrar ara: l'RSI(14) a 64,7 ja és elevat i el preu està un ~23% per sobre de la SMA50, és a dir, extès respecte de la mitjana. La sessió tanca amb -1,65% i el volum pràcticament no varia (+0,88%), de manera que no hi ha cap confirmació de volum ni per a la continuació alcista ni per a un rebot des del retrocés; un moviment de preu sense volum és un senyal feble segons el nostre criteri. Sense titulars rellevants, l'únic argument addicional és el posicionament (una sola cartera llarga i funding lleugerament positiu), que és només biaix direccional en perpetuals amb palanquejament i no es pot copiar en spot. Amb un equity de només 10,44 USD, el marge per assumir una entrada extesa amb stop ampli (sota la SMA20, ~96) és pobre respecte del recorregut esperat. Millor esperar o bé un retrocés controlat cap a la SMA20 amb volum de suport, o bé una ruptura clara per sobre dels màxims recents acompanyada d'expansió de volum.",[],"Across the 15 best-performing large Hyperliquid wallets sampled, 1 hold a SOL PERPETUAL position, and in aggregate they are net long by roughly 100% ($494,326 long vs $0 short); the SOL perpetual funding rate is 0.0013% (longs are paying shorts), which puts the broader market on the long side, the same direction as the wallet sample above. These are leveraged perpetual positions (and, where noted above, trades) taken by other traders, not spot holdings, and this bot trades spot without leverage. Treat this as directional bias only, never as confirmation, and never as a reason to act without your own technical justification.",REAL
149,2026-09-07T16:42:11.564131+00:00,BTC-USD,hold,buy,0.56,0.0,,,78990.5703125,10.44,confidence 0.56 is below the 0.60 minimum for this mode,,,,"La tendència primària és clarament alcista: el preu (78.990) cotitza per sobre de la SMA20 (77.970) i molt per sobre de la SMA50 (69.692), amb un ordre de mitjanes correcte i una separació àmplia que confirma impuls sostingut. L'RSI de 62 mostra força sense entrar en sobrecompra extrema, cosa que deixa marge de recorregut. La sessió actual és negativa (-1,69%) amb volum en augment (+25,8%), i això és el punt feble del muntatge: una vela baixista amb més volum suggereix presa de beneficis o distribució incipient, per la qual cosa no es tracta d'una entrada d'alta convicció sinó d'una compra de retrocés poc profund dins d'una tendència alcista. Els titulars (entrades rècord a ETFs, senyal de la Fed) donen suport al biaix, però només com a context. Pel que fa al market_positioning, el fet que carteres grans de Hyperliquid estiguin netes llargues al 88% i hagin obert longs recents és únicament biaix direccional amb palanquejament en perpetuals; no és confirmació ni motiu per operar, i a més el funding negatiu contradiu aquesta lectura. La decisió es basa exclusivament en l'estructura de preu i mitjanes. Stop a 76.200, per sota de la SMA20 i de l'estructura recent de mínims: si es perd aquesta zona, la tesi de continuïtat queda invalidada. Objectiu a 86.500, aproximadament 2,7 vegades el risc assumit. Confiança moderada pel conflicte entre tendència forta i el dia baixista amb volum creixent, i per l'extensió del preu respecte a la SMA50 (~13%), que augmenta el risc d'una correcció més profunda.","[""Weekly Wrap: Bitcoin\u2019s Win Streak Continues"", ""Capital B Raises \u20ac7.6M from Adam Back to Expand Bitcoin Treasury"", ""Polymarket Offers Crypto Perps With 20 Times Leverage"", ""Bitcoin ETFs See Biggest Inflow Of Capital Since January"", ""Bitcoin Rally Accelerates After Surprise Fed Signal""]","Across the 15 best-performing large Hyperliquid wallets sampled, 8 hold a BTC PERPETUAL position, and in aggregate they are net long by roughly 88% ($15,823,586 long vs $1,017,258 short); the BTC perpetual funding rate is -0.0000% (shorts are paying longs), which puts the broader market on the short side, which is the OPPOSITE direction to the wallet sample above. Specific recent activity from the same sampled wallets in the last ~24h: wallet ending ...ccbb opened a $63,822 long 59 minutes ago; wallet ending ...028c opened a $393,335 long 59 minutes ago; wallet ending ...ccbb opened a $128,149 long 1 hour ago; wallet ending ...028c opened a $788,920 long 1 hour ago; wallet ending ...be21 opened a $626,968 long 2 hours ago. These are leveraged perpetual positions (and, where noted above, trades) taken by other traders, not spot holdings, and this bot trades spot without leverage. Treat this as directional bias only, never as confirmation, and never as a reason to act without your own technical justification.",REAL
150,2026-09-07T16:42:48.855412+00:00,ETH-USD,hold,buy,0.55,0.0,,,2480.469970703125,10.44,confidence 0.55 is below the 0.60 minimum for this mode,,,,"L'estructura de tendència és clarament alcista: el preu (2480) es manté per sobre de la SMA20 (2448) i molt per sobre de la SMA50 (2115), amb una separació d'aproximadament el 17% entre mitjanes, cosa que confirma un impuls sostingut de mitjà termini. L'RSI de 62.5 mostra força sense arribar a sobrecompra, deixant marge de recorregut. La caiguda del -1.36% de la sessió és una correcció superficial que deixa el preu just per sobre de la SMA20, un punt d'entrada raonable dins d'una tendència.

El punt feble: el volum puja gairebé un 19% en una sessió negativa, cosa que suggereix certa pressió venedora o presa de beneficis, i no és la confirmació ideal (voldríem volum creixent en dies alcistes). Això rebaixa la qualitat del setup i justifica una confiança moderada, no alta.

Els titulars són constructius però genèrics (adopció institucional, nous productes de futurs) i no aporten cap catalitzador específic per a ETH. Pel que fa al posicionament, el fet que carteres grans de Hyperliquid estiguin netes llargues al 100% i hagin obert posicions recents només és biaix direccional: són posicions perpètues apalancades amb entrades, horitzons i cobertures desconegudes, mentre que aquí operem spot sense palanquejament. No serveix com a confirmació ni seria motiu suficient per operar per si sol; només acompanya una tesi que les dades tècniques ja sostenen.

Stop a 2385, just per sota de la SMA20 i de l'estructura recent (uns -3.8%): si es perd aquest nivell, la lectura de retrocés dins de tendència queda invalidada. Objectiu a 2690 (+8.4%), amb una relació risc/benefici properament de 2.2:1.","[""Weekly Wrap: Bitcoin\u2019s Win Streak Continues"", ""Polymarket Offers Crypto Perps With 20 Times Leverage"", ""Standard Chartered Launches Spot Bitcoin, Ether Trading for UAE Institutions"", ""Coinbase Brings Crypto Futures to Canadian Traders"", ""Coinbase And Webull Join Forces In Canada""]","Across the 15 best-performing large Hyperliquid wallets sampled, 7 hold a ETH PERPETUAL position, and in aggregate they are net long by roughly 100% ($26,553,658 long vs $0 short); the ETH perpetual funding rate is 0.0013% (longs are paying shorts), which puts the broader market on the long side, the same direction as the wallet sample above. Specific recent activity from the same sampled wallets in the last ~24h: wallet ending ...ccbb opened a $50,243 long 1 hour ago; wallet ending ...028c opened a $309,388 long 1 hour ago; wallet ending ...ccbb opened a $100,590 long 1 hour ago; wallet ending ...028c opened a $619,275 long 1 hour ago; wallet ending ...ccbb opened a $42,725 long 1 hour ago. These are leveraged perpetual positions (and, where noted above, trades) taken by other traders, not spot holdings, and this bot trades spot without leverage. Treat this as directional bias only, never as confirmation, and never as a reason to act without your own technical justification.",REAL
151,2026-09-07T16:43:24.273470+00:00,SOL-USD,hold,hold,0.6,0.0,,,103.77999877929688,10.44,,,,,"L'estructura de fons és alcista: preu (103,78) per sobre de la SMA20 (99,85) i molt per sobre de la SMA50 (84,94), amb RSI 14 a 63, encara sense sobrecompra. Però hi ha senyals contradictoris que desaconsellen obrir ara. Primer, el preu ha caigut un 2,5% en l'última sessió mentre el volum baixa un 11,5%: no hi ha confirmació de volum ni en la pujada prèvia ni en el rebot, i un moviment sense volum és un senyal feble. Segon, la cotització està ~22% per sobre de la SMA50, una extensió considerable que deixa molt d'espai per a una reversió a la mitjana; entrar aquí implica comprar lluny del suport rellevant i amb un stop necessàriament ampli. Tercer, no hi ha cap titular ni catalitzador que doni context al moviment. Pel que fa al market_positioning, dues carteres grans estan netes llargues i el funding és lleugerament positiu, però això és només biaix direccional: són posicions perpètues apalancades, desconec les seves entrades, horitzó i cobertures, i copiar-les no és una tesi. Sense confirmació de volum i amb el preu estès, la decisió correcta és esperar: bé una recaiguda cap a la SMA20 (~100) que aguanti amb volum, bé un trencament clar dels màxims recents acompanyat d'expansió de volum.",[],"Across the 15 best-performing large Hyperliquid wallets sampled, 2 hold a SOL PERPETUAL position, and in aggregate they are net long by roughly 100% ($924,163 long vs $0 short); the SOL perpetual funding rate is 0.0012% (longs are paying shorts), which puts the broader market on the long side, the same direction as the wallet sample above. Specific recent activity from the same sampled wallets in the last ~24h: wallet ending ...7a06 opened a $199,909 long 6 hours ago; wallet ending ...7a06 opened a $199,909 long 6 hours ago; wallet ending ...7a06 opened a $39,989 long 6 hours ago. These are leveraged perpetual positions (and, where noted above, trades) taken by other traders, not spot holdings, and this bot trades spot without leverage. Treat this as directional bias only, never as confirmation, and never as a reason to act without your own technical justification.",REAL
152,2026-09-07T22:20:05.987728+00:00,BTC-USD,hold,buy,0.56,0.0,,,79056.5234375,10.44,confidence 0.56 is below the 0.60 minimum for this mode,,,,"La tendència de fons és alcista i ordenada: el preu (79.056) cotitza per sobre de la SMA20 (77.973) i molt per sobre de la SMA50 (69.693), amb la SMA20 clarament per sobre de la SMA50, i l'RSI a 62,5 mostra impuls positiu sense arribar a sobrecompra. Això configura un context de retrocés dins de tendència, no d'esgotament. El punt feble és que la caiguda del -1,6% s'ha produït amb un volum un 23% superior: volum creixent en una sessió negativa és un senyal de distribució lleu i és el principal argument en contra, per això la confiança es manté moderada i no alta. Els titulars són mixtos però lleugerament favorables (entrades rècord en ETFs, ratxa positiva) tot i la rotació cap a altcoins i el risc de tipus. El posicionament dels wallets grans és net llarg al 100%, però són perpetus amb palanquejament i, a més, el funding negatiu indica que el mercat ampli està del costat curt: contradicció que tracto només com a soroll direccional, no com a confirmació — la tesi es basa exclusivament en l'estructura de preu. Stop a 76.400, just per sota de la SMA20 i de l'estructura recent, de manera que una pèrdua d'aquest suport invalida el retrocés alcista; objectiu a 85.500, amb una relació risc/benefici propera a 2,4:1.","[""Crypto Investors Rotate From Bitcoin Into Altcoins as Rate Risks Rise"", ""Weekly Wrap: Bitcoin\u2019s Win Streak Continues"", ""Capital B Raises \u20ac7.6M from Adam Back to Expand Bitcoin Treasury"", ""Polymarket Offers Crypto Perps With 20 Times Leverage"", ""Bitcoin ETFs See Biggest Inflow Of Capital Since January""]","Across the 15 best-performing large Hyperliquid wallets sampled, 7 hold a BTC PERPETUAL position, and in aggregate they are net long by roughly 100% ($16,756,459 long vs $0 short); the BTC perpetual funding rate is -0.0010% (shorts are paying longs), which puts the broader market on the short side, which is the OPPOSITE direction to the wallet sample above. Specific recent activity from the same sampled wallets in the last ~24h: wallet ending ...ccbb opened a $128,174 long 18 minutes ago; wallet ending ...028c opened a $790,600 long 18 minutes ago; wallet ending ...ccbb opened a $63,822 long 7 hours ago; wallet ending ...028c opened a $393,335 long 7 hours ago; wallet ending ...ccbb opened a $128,149 long 7 hours ago. These are leveraged perpetual positions (and, where noted above, trades) taken by other traders, not spot holdings, and this bot trades spot without leverage. Treat this as directional bias only, never as confirmation, and never as a reason to act without your own technical justification.",REAL
153,2026-09-07T22:20:41.841438+00:00,ETH-USD,hold,buy,0.55,0.0,,,2484.929931640625,10.44,confidence 0.55 is below the 0.60 minimum for this mode,,,,"L'estructura de tendència és clarament alcista: el preu (2.485) cotitza per sobre de la SMA20 (2.448) i molt per sobre de la SMA50 (2.115), amb les mitjanes ben ordenades, cosa que indica una tendència de fons sòlida. L'RSI de 63 mostra impuls sense arribar a sobrecompra extrema, deixant marge de recorregut. La caiguda del -1,2% en la sessió es llegeix com una correcció menor dins de la tendència, un punt d'entrada raonable a prop del suport dinàmic de la SMA20. Punt negatiu explícit: el volum puja un 15,8% en un dia de preu a la baixa, la qual cosa suggereix certa pressió venedora/distribució i no confirma l'impuls alcista; això rebaixa la qualitat del setup i per això la confiança es manté moderada. Els titulars (entrada d'institucions via Standard Chartered, expansió de Coinbase) són constructius però només aporten biaix, no tesi. El posicionament net llarg de les carteres de Hyperliquid i les compres recents són apalancades i no són motiu per actuar; només acompanyen una tesi que la tendència tècnica ja sosté. Stop a 2.358, per sota de la SMA20 i de la zona de suport recent, evitant que sigui massa ajustat davant la volatilitat habitual d'ETH; objectiu a 2.720, donant una relació risc/benefici aproximada d'1,8:1. Si es perd la SMA20 amb volum creixent, la tesi queda invalidada.","[""Weekly Wrap: Bitcoin\u2019s Win Streak Continues"", ""Polymarket Offers Crypto Perps With 20 Times Leverage"", ""Standard Chartered Launches Spot Bitcoin, Ether Trading for UAE Institutions"", ""Coinbase Brings Crypto Futures to Canadian Traders"", ""Coinbase And Webull Join Forces In Canada""]","Across the 15 best-performing large Hyperliquid wallets sampled, 7 hold a ETH PERPETUAL position, and in aggregate they are net long by roughly 100% ($32,002,112 long vs $0 short); the ETH perpetual funding rate is 0.0013% (longs are paying shorts), which puts the broader market on the long side, the same direction as the wallet sample above. Specific recent activity from the same sampled wallets in the last ~24h: wallet ending ...ccbb opened a $100,698 long 3 minutes ago; wallet ending ...028c opened a $621,034 long 3 minutes ago; wallet ending ...ccbb opened a $29,216 long 19 minutes ago; wallet ending ...028c opened a $621,992 long 19 minutes ago; wallet ending ...ccbb opened a $70,640 long 19 minutes ago. These are leveraged perpetual positions (and, where noted above, trades) taken by other traders, not spot holdings, and this bot trades spot without leverage. Treat this as directional bias only, never as confirmation, and never as a reason to act without your own technical justification.",REAL
154,2026-09-07T22:21:15.547099+00:00,SOL-USD,hold,buy,0.56,0.0,,,103.68000030517578,10.44,confidence 0.56 is below the 0.60 minimum for this mode,,,,"La tendència de fons és clarament alcista: el preu (103,68) està per sobre de la SMA20 (99,84) i molt per sobre de la SMA50 (84,94), amb les mitjanes en ordre alcista, cosa que indica una estructura de mercat sana. L'RSI de 62,8 mostra impuls positiu sense entrar en zona de sobrecompra extrema, de manera que encara hi ha recorregut abans d'esgotar-se. La caiguda del -2,6% en l'última sessió s'ha produït amb un volum un 16,8% inferior, cosa que és coherent amb una correcció de baixa convicció dins d'una tendència alcista més que amb una distribució agressiva; tot i això, cal remarcar explícitament que NO hi ha confirmació de volum al costat comprador, i això rebaixa la qualitat del setup i justifica una confiança moderada. La nota de posicionament (4 de 15 carteres grans netes llargues i diverses obertures recents del wallet ...ccbb) només s'utilitza com a biaix direccional secundari: són posicions perpètues apalancades, no comparables amb una compra spot sense palanquejament, i per si soles no justificarien cap operació. L'entrada es fa aprofitant el retrocés cap a la SMA20. Situo l'stop a 95,50, per sota de la SMA20 i de l'estructura recent, de manera que una pèrdua d'aquest nivell invalidaria la tesi de continuïtat alcista. L'objectiu a 119 dona una relació risc/benefici propera a 1,9:1. El capital del compte és molt reduït, de manera que la mida final la determinarà la distància a l'stop.",[],"Across the 15 best-performing large Hyperliquid wallets sampled, 4 hold a SOL PERPETUAL position, and in aggregate they are net long by roughly 100% ($4,536,980 long vs $0 short). Specific recent activity from the same sampled wallets in the last ~24h: wallet ending ...ccbb opened a $5,699 long 4 hours ago; wallet ending ...ccbb opened a $65,988 long 4 hours ago; wallet ending ...ccbb opened a $21,304 long 4 hours ago; wallet ending ...ccbb opened a $7,758 long 4 hours ago; wallet ending ...ccbb opened a $16,263 long 4 hours ago. These are leveraged perpetual positions (and, where noted above, trades) taken by other traders, not spot holdings, and this bot trades spot without leverage. Treat this as directional bias only, never as confirmation, and never as a reason to act without your own technical justification.",REAL
155,2026-09-08T01:31:10.377327+00:00,BTC-USD,hold,buy,0.55,0.0,,,79333.828125,10.44,confidence 0.55 is below the 0.60 minimum for this mode,,,,"L'estructura de preu segueix clarament alcista: el preu (79.334) cotitza per sobre de la SMA20 (77.987) i molt per sobre de la SMA50 (69.699), amb un RSI de 63,6 que indica força sense arribar a sobrecompra. La caiguda del -1,26% de la darrera sessió sembla una correcció menor dins de la tendència, i les entrades rècord als ETFs de bitcoin donen suport fonamental. Punts febles que rebaixen la convicció: el volum puja un 17,9% en una sessió de preu negatiu, cosa que pot indicar distribució i no acumulació, el preu està un 13-14% estirat per sobre de la SMA50 (risc de reversió a la mitjana) i els titulars parlen de rotació de capital cap a altcoins. El posicionament de les carteres grans de Hyperliquid és net llarg (~89%), però el funding negatiu apunta el contrari, de manera que és soroll direccional contradictori i no aporta res a la tesi; en cap cas és motiu per operar. Entro amb mida modesta perquè la tendència és favorable, amb stop a 76.200 (per sota de la SMA20 i del darrer suport, ~3,9% de risc) i objectiu a 87.500, cosa que dona una relació risc/benefici superior a 2,5:1. Si el preu perd la SMA20 amb volum, la tesi queda invalidada.","[""Crypto Investors Rotate From Bitcoin Into Altcoins as Rate Risks Rise"", ""Weekly Wrap: Bitcoin\u2019s Win Streak Continues"", ""Capital B Raises \u20ac7.6M from Adam Back to Expand Bitcoin Treasury"", ""Polymarket Offers Crypto Perps With 20 Times Leverage"", ""Bitcoin ETFs See Biggest Inflow Of Capital Since January""]","Across the 15 best-performing large Hyperliquid wallets sampled, 8 hold a BTC PERPETUAL position, and in aggregate they are net long by roughly 89% ($16,814,100 long vs $1,021,441 short); the BTC perpetual funding rate is -0.0004% (shorts are paying longs), which puts the broader market on the short side, which is the OPPOSITE direction to the wallet sample above. Specific recent activity from the same sampled wallets in the last ~24h: wallet ending ...ccbb opened a $128,174 long 3 hours ago; wallet ending ...028c opened a $790,600 long 3 hours ago; wallet ending ...ccbb opened a $63,822 long 10 hours ago; wallet ending ...028c opened a $393,335 long 10 hours ago; wallet ending ...ccbb opened a $128,149 long 10 hours ago. These are leveraged perpetual positions (and, where noted above, trades) taken by other traders, not spot holdings, and this bot trades spot without leverage. Treat this as directional bias only, never as confirmation, and never as a reason to act without your own technical justification.",REAL
156,2026-09-08T01:31:40.981364+00:00,ETH-USD,hold,buy,0.56,0.0,,,2500.169921875,10.44,confidence 0.56 is below the 0.60 minimum for this mode,,,,"La tendència és clarament alcista: el preu (2500) cotitza per sobre de la SMA20 (2449) i molt per sobre de la SMA50 (2116), amb les mitjanes en ordre alcista, cosa que confirma un impuls estructural sòlid. L'RSI de 64 mostra força sense arribar a sobrecompra extrema, deixant marge de recorregut. La caiguda del -0,57% en l'última sessió és una pausa menor dins de la tendència, i el volum creix un +11%, de manera que hi ha certa confirmació de participació i no és un simple pump sense volum. Els titulars són constructius (accés institucional a spot ETH via Standard Chartered, expansió de derivats), però només actuen com a biaix. La informació de posicionament (100% net llarg entre les carteres mostrejades i finançament positiu) es tracta únicament com a color direccional: són posicions perpètues apalancades d'altres operadors, no replicables en spot i no decisives; la tesi es basa en el preu i el volum. Riscos: finançament positiu i posicionament unànime al costat llarg augmenten la probabilitat de purga de llargs, i el preu està un 2% per sobre de la SMA20, per tant l'entrada no és òptima. Situo el stop a 2395, per sota de la SMA20 i de l'estructura recent, de manera que una pèrdua d'aquest nivell invalidaria la tendència a curt termini; objectiu a 2760, amb una relació risc/benefici propera a 2,5:1. Confiança moderada.","[""Weekly Wrap: Bitcoin\u2019s Win Streak Continues"", ""Polymarket Offers Crypto Perps With 20 Times Leverage"", ""Standard Chartered Launches Spot Bitcoin, Ether Trading for UAE Institutions"", ""Coinbase Brings Crypto Futures to Canadian Traders"", ""Coinbase And Webull Join Forces In Canada""]","Across the 15 best-performing large Hyperliquid wallets sampled, 8 hold a ETH PERPETUAL position, and in aggregate they are net long by roughly 100% ($35,354,917 long vs $0 short); the ETH perpetual funding rate is 0.0013% (longs are paying shorts), which puts the broader market on the long side, the same direction as the wallet sample above. Specific recent activity from the same sampled wallets in the last ~24h: wallet ending ...3394 opened a $2,754,762 long 3 hours ago; wallet ending ...ccbb opened a $50,261 long 3 hours ago; wallet ending ...028c opened a $309,987 long 3 hours ago; wallet ending ...ccbb opened a $100,698 long 3 hours ago; wallet ending ...028c opened a $621,034 long 3 hours ago. These are leveraged perpetual positions (and, where noted above, trades) taken by other traders, not spot holdings, and this bot trades spot without leverage. Treat this as directional bias only, never as confirmation, and never as a reason to act without your own technical justification.",REAL
157,2026-09-08T01:32:14.233557+00:00,SOL-USD,hold,buy,0.55,0.0,,,104.19999694824219,10.44,confidence 0.55 is below the 0.60 minimum for this mode,,,,"La tendència de fons és clarament alcista: el preu (104,2) cotitza per sobre de la SMA20 (99,87) i molt per sobre de la SMA50 (84,95), amb les mitjanes en ordre alcista i un RSI de 63,7 que mostra força sense entrar en sobrecompra extrema. La correcció del -2,1% de la sessió va acompanyada d'una caiguda de volum del -18,6%, cosa que és més compatible amb una presa de beneficis dins de tendència que amb una distribució agressiva; tot i això, cal dir explícitament que NO hi ha confirmació de volum a l'alça, i això rebaixa la qualitat del setup i la confiança. El posicionament net llarg de les carteres grans de Hyperliquid i el funding lleugerament positiu només aporten un biaix direccional coherent amb la lectura tècnica: són posicions apalancades de tercers, no una raó per operar i no afegeixen convicció per si soles. Entrada com a continuació de tendència amb stop a 96,5, just per sota de la SMA20 i de l'estructura recent (si es perd, la tesi de continuació queda invalidada), i objectiu a 121, que ofereix una relació risc/benefici propera a 2,2:1. Confiança honesta moderada (0,55) per la manca de confirmació de volum i l'absència de catalitzadors informatius.",[],"Across the 15 best-performing large Hyperliquid wallets sampled, 4 hold a SOL PERPETUAL position, and in aggregate they are net long by roughly 100% ($5,770,873 long vs $0 short); the SOL perpetual funding rate is 0.0004% (longs are paying shorts), which puts the broader market on the long side, the same direction as the wallet sample above. Specific recent activity from the same sampled wallets in the last ~24h: wallet ending ...ccbb opened a $83,690 long 3 hours ago; wallet ending ...028c opened a $516,330 long 3 hours ago; wallet ending ...ccbb opened a $83,795 long 3 hours ago; wallet ending ...028c opened a $516,761 long 3 hours ago; wallet ending ...028c opened a $518,436 long 7 hours ago. These are leveraged perpetual positions (and, where noted above, trades) taken by other traders, not spot holdings, and this bot trades spot without leverage. Treat this as directional bias only, never as confirmation, and never as a reason to act without your own technical justification.",REAL
158,2026-09-08T08:22:54.235468+00:00,BTC-USD,hold,hold,0.6,0.0,,,78300.0,10.44,,,,,"La tendència de fons segueix alcista: el preu (78.300) es manté molt per damunt de la SMA50 (69.956) i l'RSI(14) a 59,6 és neutre-alcista sense sobrecompra. Però el senyal d'entrada immediat no hi és: el preu ha perdut la SMA20 (78.428) i tanca amb -1,03%, és a dir, l'increment de volum del +21% acompanya una vela negativa, cosa que suggereix distribució o presa de beneficis més que acumulació. El volum, per tant, no confirma cap impuls alcista nou. Els titulars són contradictoris: entrades rècord en ETFs de bitcoin contra rotació de capital cap a altcoins i risc de tipus. El posicionament de mercat també és ambigu i, en qualsevol cas, només és biaix direccional: les carteres grans de Hyperliquid estan netes llargues ~88% amb obertures recents importants, però el funding negatiu indica que el mercat ampli està curt; a més, són posicions perpètues apalancades no comparables amb una compra spot sense palanquejament, i copiar-les no és una tesi. Amb el preu just per sota de la mitjana de 20 sessions i sense confirmació de volum, el risc/benefici d'obrir ara és pobre. Sumat a un capital de compte de només 10,44 USD, que fa la posició irrellevant respecte als costos, l'opció disciplinada és esperar: una recuperació clara i sostinguda per damunt de la SMA20 amb volum creixent obriria una entrada millor.","[""Crypto Investors Rotate From Bitcoin Into Altcoins as Rate Risks Rise"", ""Weekly Wrap: Bitcoin\u2019s Win Streak Continues"", ""Capital B Raises \u20ac7.6M from Adam Back to Expand Bitcoin Treasury"", ""Polymarket Offers Crypto Perps With 20 Times Leverage"", ""Bitcoin ETFs See Biggest Inflow Of Capital Since January""]","Across the 15 best-performing large Hyperliquid wallets sampled, 8 hold a BTC PERPETUAL position, and in aggregate they are net long by roughly 88% ($16,463,489 long vs $1,008,254 short); the BTC perpetual funding rate is -0.0006% (shorts are paying longs), which puts the broader market on the short side, which is the OPPOSITE direction to the wallet sample above. Specific recent activity from the same sampled wallets in the last ~24h: wallet ending ...7a06 closed a $133,554 long 1 hour ago; wallet ending ...ccbb opened a $128,174 long 10 hours ago; wallet ending ...028c opened a $790,600 long 10 hours ago; wallet ending ...ccbb opened a $63,822 long 17 hours ago; wallet ending ...028c opened a $393,335 long 17 hours ago. These are leveraged perpetual positions (and, where noted above, trades) taken by other traders, not spot holdings, and this bot trades spot without leverage. Treat this as directional bias only, never as confirmation, and never as a reason to act without your own technical justification.",REAL
159,2026-09-08T08:23:27.243523+00:00,ETH-USD,hold,hold,0.61,0.0,,,2471.679931640625,10.44,,,,,"L'estructura de fons és alcista: el preu (2471) es manté per sobre de la SMA20 (2459) i molt per sobre de la SMA50 (2127), amb un RSI de 61,6 que indica impuls positiu però ja avançat, sense ser extrem. Tot i això, no hi ha confirmació per obrir llarg ara: la darrera sessió és negativa (-0,77%) i, sobretot, el volum cau un 6%, de manera que qualsevol intent de continuació no té acompanyament de participació. Segons les regles, impuls sense volum és un senyal feble i no justifica entrada. A més, el preu està pràcticament encavalcat amb la SMA20, una zona sense avantatge clar: ni és una entrada de retrocés profund ni un trencament net de màxims. Els titulars (Standard Chartered obrint spot BTC/ETH a institucions dels EAU, expansió de futurs a Canadà) són constructius però genèrics i ja descomptats. Pel que fa al market_positioning, les carteres grans de Hyperliquid estan net llargues al 100% i el funding és lleugerament positiu, però aquestes són posicions perpètues apalancades amb entrades, horitzons i cobertures desconegudes; a més, les operacions recents són contradictòries (una obertura d'1 M$ fa 13 minuts, però diversos tancaments de llargs de 2,7 M$ i 0,9 M$ en les últimes hores). Això és només biaix direccional i no crea una tesi que el preu i el volum no suportin. Amb senyals mixtos, esperar: una entrada millor seria un retrocés amb suport clar prop de 2380-2400 amb volum creixent, o un trencament amb volum per sobre dels màxims recents.","[""Weekly Wrap: Bitcoin\u2019s Win Streak Continues"", ""Polymarket Offers Crypto Perps With 20 Times Leverage"", ""Standard Chartered Launches Spot Bitcoin, Ether Trading for UAE Institutions"", ""Coinbase Brings Crypto Futures to Canadian Traders"", ""Coinbase And Webull Join Forces In Canada""]","Across the 15 best-performing large Hyperliquid wallets sampled, 6 hold a ETH PERPETUAL position, and in aggregate they are net long by roughly 100% ($31,721,912 long vs $0 short); the ETH perpetual funding rate is 0.0005% (longs are paying shorts), which puts the broader market on the long side, the same direction as the wallet sample above. Specific recent activity from the same sampled wallets in the last ~24h: wallet ending ...3394 opened a $1,039,037 long 13 minutes ago; wallet ending ...7a06 closed a $27,230 long 3 hours ago; wallet ending ...7a06 closed a $879,292 long 3 hours ago; wallet ending ...3394 closed a $2,756,587 long 5 hours ago; wallet ending ...ccbb closed a $51,060 long 6 hours ago. These are leveraged perpetual positions (and, where noted above, trades) taken by other traders, not spot holdings, and this bot trades spot without leverage. Treat this as directional bias only, never as confirmation, and never as a reason to act without your own technical justification.",REAL
160,2026-09-08T08:24:01.979027+00:00,SOL-USD,hold,buy,0.55,0.0,,,102.61000061035156,10.44,confidence 0.55 is below the 0.60 minimum for this mode,,,,"L'estructura tècnica és clarament alcista: el preu (102,61) cotitza per sobre de la SMA20 (100,71) i molt per sobre de la SMA50 (85,44), amb les mitjanes en ordre alcista, cosa que indica una tendència de fons consolidada. L'RSI de 60,7 mostra impuls positiu sense entrar en sobrecompra, deixant marge de recorregut. La caiguda del -1,2% de la sessió sembla una consolidació menor dins de la tendència, i el preu es manté just per sobre de la SMA20, que actua com a suport dinàmic. Punt feble important: el volum cau un -9,9%, de manera que no hi ha confirmació de volum ni de la pujada prèvia ni del retrocés actual; això rebaixa la qualitat del setup i justifica una confiança moderada més que alta. El posicionament net llarg dels grans comptes de Hyperliquid (100% llarg, amb diverses obertures recents) només s'utilitza com a biaix direccional que acompanya una tesi que ja sostenen el preu i les mitjanes; no és cap confirmació i no seria motiu per operar per si sol, sobretot perquè són posicions perpètues apalancades i aquí s'opera comptat sense palanquejament. Stop a 94,5, per sota de la SMA20 i de la zona de suport recent: si es perd, la tesi de continuïtat alcista queda invalidada. Objectiu a 122, oferint una relació risc/benefici propera a 2,4:1.",[],"Across the 15 best-performing large Hyperliquid wallets sampled, 4 hold a SOL PERPETUAL position, and in aggregate they are net long by roughly 100% ($5,685,915 long vs $0 short). Specific recent activity from the same sampled wallets in the last ~24h: wallet ending ...ccbb opened a $83,690 long 10 hours ago; wallet ending ...028c opened a $516,330 long 10 hours ago; wallet ending ...ccbb opened a $83,795 long 10 hours ago; wallet ending ...028c opened a $516,761 long 10 hours ago; wallet ending ...028c opened a $518,436 long 14 hours ago. These are leveraged perpetual positions (and, where noted above, trades) taken by other traders, not spot holdings, and this bot trades spot without leverage. Treat this as directional bias only, never as confirmation, and never as a reason to act without your own technical justification.",REAL
161,2026-09-08T15:24:37.123087+00:00,BTC-USD,hold,hold,0.6,0.0,,,78488.9765625,10.44,,,,,"La tendència de fons és alcista: el preu (78.489) es manté molt per sobre de la SMA50 (69.960) i s'ha format un creuament daurat, amb un RSI de 60 que encara no és de sobrecompra. Però el senyal immediat és de consolidació, no d'entrada: el preu està pràcticament clavat a la SMA20 (78.437), és a dir sense cap avantatge direccional a curt termini, i la sessió és lleugerament negativa (-0,79%) amb un volum un 46% superior. Un volum creixent en una vela baixista suggereix distribució o repartiment, no acumulació, i per tant no confirma cap ruptura a l'alça. Els titulars també es contradiuen: d'una banda 'golden cross' i ratxa de guanys setmanals, de l'altra rotació d'inversors de BTC cap a altcoins, Strategy aturant les compres i pèrdues per hacks. El posicionament de Hyperliquid (100% net llarg, funding lleugerament positiu, diverses obertures de llargs) és només biaix direccional: són posicions perpètues apalancades d'altres operadors amb entrades, horitzons i cobertures desconegudes, i no substitueix una justificació tècnica pròpia; per si sola no és motiu de compra. Amb el preu just sobre la mitjana, sense confirmació de volum a l'alça i amb senyals creuats, l'opció disciplinada és esperar: una entrada millor seria una ruptura amb volum expansiu sobre els màxims recents, o un rebot net des d'una zona de suport més profunda. A més, amb un capital de 10,44 USD la mida efectiva és irrellevant, cosa que reforça no forçar una operació de baixa convicció.","[""Strategy Holds Off On Bitcoin Purchases As It Buys Preferred Stock"", ""Bitcoin Forms Bullish Golden Cross"", ""Crypto Platforms Lose $3.63 Billion To Cyberattacks"", ""Crypto Investors Rotate From Bitcoin Into Altcoins as Rate Risks Rise"", ""Weekly Wrap: Bitcoin\u2019s Win Streak Continues""]","Across the 15 best-performing large Hyperliquid wallets sampled, 5 hold a BTC PERPETUAL position, and in aggregate they are net long by roughly 100% ($7,458,715 long vs $0 short); the BTC perpetual funding rate is 0.0013% (longs are paying shorts), which puts the broader market on the long side, the same direction as the wallet sample above. Specific recent activity from the same sampled wallets in the last ~24h: wallet ending ...03df closed a $47,245 long 1 hour ago; wallet ending ...03df opened a $47,168 long 2 hours ago; wallet ending ...03df closed a $492,144 short 2 hours ago; wallet ending ...03df closed a $512,743 short 2 hours ago; wallet ending ...ccbb opened a $128,174 long 17 hours ago. These are leveraged perpetual positions (and, where noted above, trades) taken by other traders, not spot holdings, and this bot trades spot without leverage. Treat this as directional bias only, never as confirmation, and never as a reason to act without your own technical justification.",REAL
162,2026-09-08T15:25:06.911330+00:00,ETH-USD,hold,buy,0.56,0.0,,,2483.97998046875,10.44,confidence 0.56 is below the 0.60 minimum for this mode,,,,"La tendència de fons és clarament alcista: el preu (2.484) es manté per sobre de la SMA20 (2.460) i molt per sobre de la SMA50 (2.127), amb l'estructura de mitjanes ben ordenada. L'RSI de 62,8 mostra impuls positiu sense arribar a zona de sobrecompra, i la caiguda del dia (-0,28%) és una pausa menor dins d'una estructura alcista, no un trencament. El punt feble del muntatge és el volum: la variació de només +1,27% és pràcticament plana i no confirma cap acceleració compradora, de manera que això rebaixa la qualitat del senyal i justifica una confiança moderada i una mida prudent. Els titulars (Standard Chartered obrint spot ETH per a institucions als EAU, expansió de derivats) són lleugerament favorables però no creen la tesi per si sols. Pel que fa al posicionament, el 97% net llarg de les carteres grans de Hyperliquid i el funding lleugerament positiu només aporten biaix direccional; a més, la cartera ...3394 ha estat obrint i tancant llargs en poques hores, cosa que indica operativa curta i apalancada no comparable amb una posició spot: no és motiu per actuar. La decisió es basa en el seguiment de tendència, no en copiar ningú. Stop a 2.372, just per sota de la SMA20 i de l'última estructura de suport, de manera que una pèrdua d'aquest nivell invalidaria la continuïtat alcista; objectiu a 2.760, oferint una relació risc/benefici superior a 2:1.","[""Weekly Wrap: Bitcoin\u2019s Win Streak Continues"", ""Polymarket Offers Crypto Perps With 20 Times Leverage"", ""Standard Chartered Launches Spot Bitcoin, Ether Trading for UAE Institutions"", ""Coinbase Brings Crypto Futures to Canadian Traders"", ""Coinbase And Webull Join Forces In Canada""]","Across the 15 best-performing large Hyperliquid wallets sampled, 6 hold a ETH PERPETUAL position, and in aggregate they are net long by roughly 97% ($30,849,018 long vs $496,780 short); the ETH perpetual funding rate is 0.0013% (longs are paying shorts), which puts the broader market on the long side, the same direction as the wallet sample above. Specific recent activity from the same sampled wallets in the last ~24h: wallet ending ...3394 closed a $1,034,609 long 2 hours ago; wallet ending ...3394 closed a $604,242 long 2 hours ago; wallet ending ...3394 opened a $606,278 long 3 hours ago; wallet ending ...3394 opened a $1,039,037 long 7 hours ago; wallet ending ...3394 closed a $2,756,587 long 12 hours ago. These are leveraged perpetual positions (and, where noted above, trades) taken by other traders, not spot holdings, and this bot trades spot without leverage. Treat this as directional bias only, never as confirmation, and never as a reason to act without your own technical justification.",REAL
163,2026-09-08T15:25:35.099860+00:00,SOL-USD,hold,hold,0.6,0.0,,,103.54000091552734,10.44,,,,,"La tendència de fons és alcista: el preu (103,54) cotitza per sobre de la SMA20 (100,76) i molt per sobre de la SMA50 (85,46), amb un RSI de 62 que indica impuls positiu sense arribar a sobrecompra. Tanmateix, falta confirmació per obrir posició: la variació de preu de la sessió és lleugerament negativa (-0,31%) i el volum cau un -10%, és a dir, el moviment recent no està sostingut per participació creixent. Un impuls sense volum és un senyal feble i sovint precedeix una consolidació o una recollida de beneficis després del fort tram des de la SMA50. No hi ha titulars que aportin catalitzador. Pel que fa al market_positioning, tot i que les carteres mostrejades estan netes llargues al 100% i s'han obert longs importants fa 17-21 hores, es tracta de posicions perpètues apalancades amb entrades, horitzons i cobertures que desconeixem; això només és biaix direccional i no substitueix la confirmació tècnica que ara mateix no tinc. A més, el funding positiu indica que els llargs paguen, cosa que augmenta el risc de purga de llargs en cas de recular. Amb un capital de només 10,44 USD, entrar sense un senyal net no compensa. Espero o bé una ruptura amb volum creixent per sobre dels màxims recents, o bé un retest net de la SMA20 amb reacció compradora per plantejar una compra.",[],"Across the 15 best-performing large Hyperliquid wallets sampled, 3 hold a SOL PERPETUAL position, and in aggregate they are net long by roughly 100% ($5,301,375 long vs $0 short); the SOL perpetual funding rate is 0.0012% (longs are paying shorts), which puts the broader market on the long side, the same direction as the wallet sample above. Specific recent activity from the same sampled wallets in the last ~24h: wallet ending ...ccbb opened a $83,690 long 17 hours ago; wallet ending ...028c opened a $516,330 long 17 hours ago; wallet ending ...ccbb opened a $83,795 long 17 hours ago; wallet ending ...028c opened a $516,761 long 17 hours ago; wallet ending ...028c opened a $518,436 long 21 hours ago. These are leveraged perpetual positions (and, where noted above, trades) taken by other traders, not spot holdings, and this bot trades spot without leverage. Treat this as directional bias only, never as confirmation, and never as a reason to act without your own technical justification.",REAL
164,2026-09-08T19:01:45.902023+00:00,BTC-USD,hold,hold,0.62,0.0,,,78390.8671875,10.44,,,,,"El preu (78.391) es troba just per sota de la SMA20 (78.432) després d'una caiguda del -0,92%, és a dir, el moment de curt termini s'ha aturat en una zona de resistència immediata. La tendència de fons segueix sent alcista (SMA50 a 69.958, creuament daurat confirmat pels titulars) i l'RSI de 59,9 és neutre-alcista, però no hi ha cap senyal d'entrada net: no hi ha ruptura confirmada per sobre de la SMA20 ni un retrocés amb suport clar. El volum ha pujat un 45% en una sessió negativa, cosa que apunta més a distribució o pressió venedora que a acumulació; això debilita explícitament el cas comprador en lloc de reforçar-lo. Els titulars són contradictoris: creuament daurat alcista contra rotació de capital de BTC cap a altcoins i risc de tipus. El posicionament de les carteres de Hyperliquid és 100% net llarg amb funding lleugerament positiu, però són posicions perpètues apalancades d'altres operadors, amb entrades, horitzons i cobertures desconegudes; és només un biaix direccional i no substitueix una justificació tècnica pròpia. A més, l'equity del compte (10,44 USD) fa que qualsevol posició sigui irrellevant en termes de risc-benefici. Amb senyals en conflicte, l'opció correcta és esperar: una ruptura amb volum per sobre de ~79.500 o un retrocés amb suport confirmat cap a la zona 74.000-75.000 donarien un punt d'entrada molt millor.","[""Bitmine Buys $69M in Ether, Closes In on 5% of Ethereum Supply"", ""Strategy Holds Off On Bitcoin Purchases As It Buys Preferred Stock"", ""Bitcoin Forms Bullish Golden Cross"", ""Crypto Platforms Lose $3.63 Billion To Cyberattacks"", ""Crypto Investors Rotate From Bitcoin Into Altcoins as Rate Risks Rise""]","Across the 15 best-performing large Hyperliquid wallets sampled, 6 hold a BTC PERPETUAL position, and in aggregate they are net long by roughly 100% ($11,201,500 long vs $0 short); the BTC perpetual funding rate is 0.0007% (longs are paying shorts), which puts the broader market on the long side, the same direction as the wallet sample above. Specific recent activity from the same sampled wallets in the last ~24h: wallet ending ...ccbb opened a $126,959 long 2 minutes ago; wallet ending ...028c opened a $784,078 long 2 minutes ago; wallet ending ...03df closed a $47,245 long 5 hours ago; wallet ending ...03df opened a $47,168 long 5 hours ago; wallet ending ...be21 closed a $705,471 long 5 hours ago. These are leveraged perpetual positions (and, where noted above, trades) taken by other traders, not spot holdings, and this bot trades spot without leverage. Treat this as directional bias only, never as confirmation, and never as a reason to act without your own technical justification.",REAL
165,2026-09-08T19:02:15.186032+00:00,ETH-USD,hold,hold,0.6,0.0,,,2485.81005859375,10.44,,,,,"La tendència de fons és clarament alcista: el preu (2.485) està per damunt de la SMA20 (2.460) i molt per damunt de la SMA50 (2.127), amb un RSI de 63 que encara no és de sobrecompra. Tot i això, no hi ha cap desencadenant fresc per obrir posició avui: la variació de preu és pràcticament plana (-0,21%) i el volum només puja un 4,3%, és a dir, no hi ha confirmació de volum darrere de cap impuls; qualsevol continuació seria momentum sense suport de participació. A més, el preu està ~17% per damunt de la SMA50, cosa que fa que l'entrada aquí sigui extensa i que un stop tècnic raonable (sota la SMA20, zona 2.400-2.420) quedi massa a prop del preu actual per a un soroll normal d'ETH. Els titulars (compres de Bitmine, obertura institucional de Standard Chartered) i el posicionament net llarg del 100% de les carteres grans de Hyperliquid són només biaix direccional; de fet, la cartera ...3394 ha obert i tancat llargs repetidament en 24h, un patró d'scalping amb palanquejament que no és replicable en spot i que no aporta confirmació. Sense senyal de volum ni pullback net a suport, la decisió disciplinada és esperar: reconsideraria una compra amb un rebot amb volum creixent des de la zona 2.440-2.460 o amb una ruptura clara de màxims amb expansió de volum.","[""Bitmine Buys $69M in Ether, Closes In on 5% of Ethereum Supply"", ""Weekly Wrap: Bitcoin\u2019s Win Streak Continues"", ""Polymarket Offers Crypto Perps With 20 Times Leverage"", ""Standard Chartered Launches Spot Bitcoin, Ether Trading for UAE Institutions"", ""Coinbase Brings Crypto Futures to Canadian Traders""]","Across the 15 best-performing large Hyperliquid wallets sampled, 6 hold a ETH PERPETUAL position, and in aggregate they are net long by roughly 100% ($31,117,928 long vs $0 short). Specific recent activity from the same sampled wallets in the last ~24h: wallet ending ...3394 closed a $1,034,609 long 5 hours ago; wallet ending ...3394 closed a $604,242 long 6 hours ago; wallet ending ...3394 opened a $606,278 long 7 hours ago; wallet ending ...3394 opened a $1,039,037 long 11 hours ago; wallet ending ...3394 closed a $2,756,587 long 16 hours ago. These are leveraged perpetual positions (and, where noted above, trades) taken by other traders, not spot holdings, and this bot trades spot without leverage. Treat this as directional bias only, never as confirmation, and never as a reason to act without your own technical justification.",REAL
166,2026-09-08T19:02:46.360602+00:00,SOL-USD,hold,buy,0.56,0.0,,,103.41999816894531,10.44,confidence 0.56 is below the 0.60 minimum for this mode,,,,"L'estructura tècnica és clarament alcista: el preu (103,42) es manté per damunt de la SMA20 (100,75) i molt per damunt de la SMA50 (85,45), amb les mitjanes ordenades a l'alça, cosa que indica una tendència de recuperació consolidada. L'RSI a 62 mostra impuls positiu sense entrar en sobrecompra, deixant espai a continuació. El punt feble és la confirmació de volum: el volum cau un 9,2% i el preu està pràcticament pla (-0,43%), de manera que aquesta empenta no està validada pel flux; això rebaixa la qualitat del setup i justifica una confiança moderada més que alta. Sobre el posicionament: tres carteres grans estan netes llargues i s'han obert llargs fa minuts, però el funding negatiu indica que el mercat ampli està del costat curt — són senyals contradictoris i, en qualsevol cas, es tracta de perpetus amb palanquejament que no són comparables amb una compra spot sense palanquejament. Ho tracto només com a biaix direccional, no com a confirmació. La decisió es basa exclusivament en el seguiment de tendència: entrada amb stop a 96,0, per sota de la SMA20 i de l'estructura recent (trencar-la invalidaria la tesi), i objectiu a 118,5, cosa que dona una relació risc/benefici propera a 2:1. Si el preu perd la SMA20 amb volum creixent, la posició es tanca sense discussió.",[],"Across the 15 best-performing large Hyperliquid wallets sampled, 3 hold a SOL PERPETUAL position, and in aggregate they are net long by roughly 100% ($5,892,292 long vs $0 short); the SOL perpetual funding rate is -0.0017% (shorts are paying longs), which puts the broader market on the short side, which is the OPPOSITE direction to the wallet sample above. Specific recent activity from the same sampled wallets in the last ~24h: wallet ending ...ccbb opened a $167,385 long 3 minutes ago; wallet ending ...028c opened a $1,033,414 long 3 minutes ago; wallet ending ...ccbb closed a $84,930 long 2 hours ago; wallet ending ...028c closed a $523,000 long 2 hours ago; wallet ending ...ccbb opened a $83,690 long 20 hours ago. These are leveraged perpetual positions (and, where noted above, trades) taken by other traders, not spot holdings, and this bot trades spot without leverage. Treat this as directional bias only, never as confirmation, and never as a reason to act without your own technical justification.",REAL
167,2026-09-08T22:04:35.373377+00:00,BTC-USD,hold,hold,0.6,0.0,,,78625.140625,10.44,,,,,"La tendència de fons és clarament alcista: el preu (78.625) es manté per sobre de la SMA20 (78.444) i molt per sobre de la SMA50 (69.962), amb un creuament daurat recent i un RSI de 60,8 que és alcista però encara no sobrecomprat. Tot i això, el senyal immediat no és net: la sessió és lleugerament negativa (-0,62%) i, sobretot, amb un increment de volum del +49%. Un augment fort de volum en una vela vermella és més aviat distribució que acumulació, i no confirma continuació alcista. A més, el preu està pràcticament enganxat a la SMA20 (només un 0,2% per sobre), és a dir, en una zona de decisió on qualsevol stop raonable queda o massa a prop (risc de whipsaw) o massa lluny per a una entrada sense catalitzador. Els titulars afegeixen soroll en contra: rotació de capital de BTC cap a altcoins i Strategy aturant compres de bitcoin. El posicionament de les carteres grans (net llarg ~94%) i el funding positiu només indiquen biaix direccional i, de fet, un mercat de llargs concentrat augmenta el risc de purga; a més són posicions perpètues apalancades, no comparables amb operativa spot, i no poden justificar per si soles una entrada. Sense ruptura amb volum comprador ni retrocés net a suport, l'opció disciplinada és esperar: o bé una vela alcista amb volum per sobre dels màxims recents, o bé una recaiguda controlada cap a la zona 74.000-75.000 amb reacció. Cal afegir que l'equity del compte (10,44 USD) fa que qualsevol posició sigui irrellevant en termes de risc/benefici operatiu.","[""Bitmine Buys $69M in Ether, Closes In on 5% of Ethereum Supply"", ""Strategy Holds Off On Bitcoin Purchases As It Buys Preferred Stock"", ""Bitcoin Forms Bullish Golden Cross"", ""Crypto Platforms Lose $3.63 Billion To Cyberattacks"", ""Crypto Investors Rotate From Bitcoin Into Altcoins as Rate Risks Rise""]","Across the 15 best-performing large Hyperliquid wallets sampled, 7 hold a BTC PERPETUAL position, and in aggregate they are net long by roughly 94% ($11,690,114 long vs $341,259 short); the BTC perpetual funding rate is 0.0010% (longs are paying shorts), which puts the broader market on the long side, the same direction as the wallet sample above. Specific recent activity from the same sampled wallets in the last ~24h: wallet ending ...03df opened a $340,660 short 1 hour ago; wallet ending ...ccbb opened a $63,415 long 3 hours ago; wallet ending ...028c opened a $391,654 long 3 hours ago; wallet ending ...ccbb opened a $126,959 long 3 hours ago; wallet ending ...028c opened a $784,078 long 3 hours ago. These are leveraged perpetual positions (and, where noted above, trades) taken by other traders, not spot holdings, and this bot trades spot without leverage. Treat this as directional bias only, never as confirmation, and never as a reason to act without your own technical justification.",REAL
168,2026-09-08T22:05:07.769259+00:00,ETH-USD,hold,buy,0.56,0.0,,,2486.27001953125,10.44,confidence 0.56 is below the 0.60 minimum for this mode,,,,"La tendència de fons és clarament alcista: el preu (2486) cotitza per sobre de la SMA20 (2460) i molt per sobre de la SMA50 (2127), amb l'estructura de mitjanes ordenada a l'alça. L'RSI de 63 mostra força sense arribar a sobrecompra extrema, cosa que deixa recorregut. La sessió és pràcticament plana (-0,19%), de manera que no comprem cap 'pump' vertical sinó una consolidació lateral just damunt del suport dinàmic de la SMA20, que és una entrada de continuació més sana. Punt feble a reconèixer explícitament: l'augment de volum és només d'un +5,6%, una confirmació fluixa; no hi ha una expansió de volum que validi amb contundència una ruptura, i per això rebaixo la confiança i la mida. Els titulars (compres institucionals de Bitmine, accés spot de Standard Chartered) donen un color favorable, i el posicionament net llarg dels wallets grans amb funding lleugerament positiu apunta en la mateixa direcció, però tots dos són només biaix direccional: no són el motiu de l'operació i no els copio, sobretot perquè són posicions perpètues apalancades mentre nosaltres operem spot sense palanquejament. Cal notar també que diversos d'aquests wallets han estat TANCANT llargs les últimes hores, cosa que relativitza encara més l'agregat. Stop a 2378, per sota de la SMA20 i de la zona de suport recent: si es perd, la tesi de continuació queda invalidada. Objectiu a 2720, amb una relació risc/benefici propera a 1:2.","[""Bitmine Buys $69M in Ether, Closes In on 5% of Ethereum Supply"", ""Weekly Wrap: Bitcoin\u2019s Win Streak Continues"", ""Polymarket Offers Crypto Perps With 20 Times Leverage"", ""Standard Chartered Launches Spot Bitcoin, Ether Trading for UAE Institutions"", ""Coinbase Brings Crypto Futures to Canadian Traders""]","Across the 15 best-performing large Hyperliquid wallets sampled, 5 hold a ETH PERPETUAL position, and in aggregate they are net long by roughly 100% ($23,660,939 long vs $0 short); the ETH perpetual funding rate is 0.0013% (longs are paying shorts), which puts the broader market on the long side, the same direction as the wallet sample above. Specific recent activity from the same sampled wallets in the last ~24h: wallet ending ...5d58 closed a $7,428,167 long 2 hours ago; wallet ending ...3394 closed a $1,034,609 long 9 hours ago; wallet ending ...3394 closed a $604,242 long 9 hours ago; wallet ending ...3394 opened a $606,278 long 10 hours ago; wallet ending ...3394 opened a $1,039,037 long 14 hours ago. These are leveraged perpetual positions (and, where noted above, trades) taken by other traders, not spot holdings, and this bot trades spot without leverage. Treat this as directional bias only, never as confirmation, and never as a reason to act without your own technical justification.",REAL
169,2026-09-08T22:05:34.894292+00:00,SOL-USD,hold,hold,0.6,0.0,,,103.30999755859375,10.44,,,,,"L'estructura de fons és alcista: el preu (103,31) es manté per damunt de la SMA20 (100,75) i molt per damunt de la SMA50 (85,45), amb un RSI de 62 que indica força sense sobrecompra. Tanmateix, no hi ha cap detonant d'entrada clar avui: la sessió tanca lleugerament a la baixa (-0,54%) i, sobretot, el volum cau un 5,7%, de manera que no hi ha confirmació de volum per a cap ruptura; momentum sense volum és un senyal feble i penalitza el setup. El posicionament és contradictori: la mostra de wallets grans de Hyperliquid està 100% net llarga amb compres recents notables, però el funding negatiu indica que el mercat ampli està del costat curt. En qualsevol cas, són posicions perpètues apalancades d'altres operadors i no constitueixen per si soles cap senyal per operar spot. Amb una tendència favorable però sense confirmació de volum ni catalitzador (cap titular rellevant), i amb un capital de compte molt reduït (10,44 USD) que fa que qualsevol posició sigui marginal, l'opció disciplinada és esperar. Reconsideraria una compra amb un tancament de força per sobre dels màxims recents acompanyat d'expansió de volum, o bé amb un retrocés fins a la zona de la SMA20 que mostri absorció compradora.",[],"Across the 15 best-performing large Hyperliquid wallets sampled, 3 hold a SOL PERPETUAL position, and in aggregate they are net long by roughly 100% ($6,486,596 long vs $0 short); the SOL perpetual funding rate is -0.0009% (shorts are paying longs), which puts the broader market on the short side, which is the OPPOSITE direction to the wallet sample above. Specific recent activity from the same sampled wallets in the last ~24h: wallet ending ...ccbb opened a $82,254 long 3 hours ago; wallet ending ...028c opened a $515,973 long 3 hours ago; wallet ending ...ccbb opened a $167,385 long 3 hours ago; wallet ending ...028c opened a $1,033,414 long 3 hours ago; wallet ending ...ccbb closed a $84,930 long 5 hours ago. These are leveraged perpetual positions (and, where noted above, trades) taken by other traders, not spot holdings, and this bot trades spot without leverage. Treat this as directional bias only, never as confirmation, and never as a reason to act without your own technical justification.",REAL
170,2026-09-09T01:39:22.969582+00:00,BTC-USD,hold,hold,0.6,0.0,,,78830.578125,10.44,,,,,"El biaix estructural és alcista: el preu (78.831) cotitza per damunt de la SMA20 (78.454) i molt per damunt de la SMA50 (69.966), amb un creuament daurat recent i RSI 61,6, és a dir força sense sobrecompra extrema. Però el detall d'entrada no acompanya: la sessió tanca en negatiu (-0,36%) mentre el volum puja un 47%, o sigui volum creixent en un dia baixista, cosa que suggereix distribució o repartiment més que acumulació; el momentum no està confirmat pel volum en la direcció correcta. A més, el preu està a només ~0,5% de la SMA20, una zona de decisió sense marge, de manera que qualsevol stop tècnic raonable (sota la SMA20 o sota el mínim recent) queda massa a prop i genera un risc de sortida per soroll. Els titulars també són contradictoris: 'golden cross' alcista contra rotació de capital de BTC cap a altcoins i risc de tipus. El posicionament de Hyperliquid és net llarg ~100% i el funding és lleugerament positiu, però són posicions perpètues apalancades d'altres operadors i, de fet, un dels wallets ha obert i tancat un curt de 340k en poques hores: només és biaix direccional, mai confirmació, i no justifica per si sol una compra spot. Amb un capital de només 10,44 USD i senyals encreuats, l'opció disciplinada és esperar: o bé una ruptura amb volum expansiu per damunt del màxim recent, o bé un retest net de la SMA20/SMA50 amb reacció compradora clara.","[""Bitmine Buys $69M in Ether, Closes In on 5% of Ethereum Supply"", ""Strategy Holds Off On Bitcoin Purchases As It Buys Preferred Stock"", ""Bitcoin Forms Bullish Golden Cross"", ""Crypto Platforms Lose $3.63 Billion To Cyberattacks"", ""Crypto Investors Rotate From Bitcoin Into Altcoins as Rate Risks Rise""]","Across the 15 best-performing large Hyperliquid wallets sampled, 6 hold a BTC PERPETUAL position, and in aggregate they are net long by roughly 100% ($11,720,457 long vs $0 short); the BTC perpetual funding rate is 0.0013% (longs are paying shorts), which puts the broader market on the long side, the same direction as the wallet sample above. Specific recent activity from the same sampled wallets in the last ~24h: wallet ending ...03df closed a $342,233 short 26 minutes ago; wallet ending ...03df opened a $340,660 short 5 hours ago; wallet ending ...ccbb opened a $63,415 long 6 hours ago; wallet ending ...028c opened a $391,654 long 6 hours ago; wallet ending ...ccbb opened a $126,959 long 7 hours ago. These are leveraged perpetual positions (and, where noted above, trades) taken by other traders, not spot holdings, and this bot trades spot without leverage. Treat this as directional bias only, never as confirmation, and never as a reason to act without your own technical justification.",REAL
171,2026-09-09T01:39:53.684020+00:00,ETH-USD,hold,buy,0.56,0.0,,,2495.929931640625,10.44,confidence 0.56 is below the 0.60 minimum for this mode,,,,"L'estructura de tendència és clarament alcista: el preu (2.495) es manté per sobre de la SMA20 (2.460) i molt per sobre de la SMA50 (2.127), amb les mitjanes correctament ordenades, cosa que indica un impuls sostingut de mitjà termini. L'RSI de 63,8 mostra força sense arribar a zona de sobrecompra extrema, deixant marge de recorregut. Ara bé, cal ser explícit amb les debilitats: la variació de preu de la sessió és pràcticament plana (+0,20%) i el volum només puja un 2,9%, és a dir, NO hi ha confirmació de volum darrere del moviment. Això rebaixa la qualitat del setup i justifica una confiança moderada, no una convicció alta. Els titulars (compres institucionals de Bitmine, accés spot d'Standard Chartered) i el posicionament net llarg de les carteres de Hyperliquid amb funding lleugerament positiu aporten només un biaix direccional; a més, dues d'aquestes carteres han tancat llargs en les últimes 6-12 hores, senyal que fins i tot dins d'aquest grup hi ha presa de beneficis. No copio posicions apalancades alienes: la decisió es basa en l'estructura tècnica pròpia. Stop a 2.390, just per sota de la SMA20 i de l'última zona de suport, de manera que una pèrdua d'aquest nivell invalidaria la tesi de continuació; objectiu a 2.750, amb una relació risc/benefici propera a 2,4:1.","[""Bitmine Buys $69M in Ether, Closes In on 5% of Ethereum Supply"", ""Weekly Wrap: Bitcoin\u2019s Win Streak Continues"", ""Polymarket Offers Crypto Perps With 20 Times Leverage"", ""Standard Chartered Launches Spot Bitcoin, Ether Trading for UAE Institutions"", ""Coinbase Brings Crypto Futures to Canadian Traders""]","Across the 15 best-performing large Hyperliquid wallets sampled, 5 hold a ETH PERPETUAL position, and in aggregate they are net long by roughly 100% ($23,754,231 long vs $0 short); the ETH perpetual funding rate is 0.0013% (longs are paying shorts), which puts the broader market on the long side, the same direction as the wallet sample above. Specific recent activity from the same sampled wallets in the last ~24h: wallet ending ...5d58 closed a $7,428,167 long 6 hours ago; wallet ending ...3394 closed a $1,034,609 long 12 hours ago; wallet ending ...3394 closed a $604,242 long 12 hours ago; wallet ending ...3394 opened a $606,278 long 14 hours ago; wallet ending ...3394 opened a $1,039,037 long 17 hours ago. These are leveraged perpetual positions (and, where noted above, trades) taken by other traders, not spot holdings, and this bot trades spot without leverage. Treat this as directional bias only, never as confirmation, and never as a reason to act without your own technical justification.",REAL
172,2026-09-09T01:40:25.611077+00:00,SOL-USD,hold,hold,0.6,0.0,,,103.75,10.44,,,,,"L'estructura de fons és alcista: el preu (103,75) està per sobre de la SMA20 (100,77) i molt per sobre de la SMA50 (85,46), amb les mitjanes en ordre alcista. Tot i això, no hi ha cap disparador clar ara mateix: la variació de preu de la sessió és pràcticament plana (-0,11%) i el volum cau un 9,6%, és a dir, el moviment recent NO té confirmació de volum, cosa que debilita molt qualsevol entrada de continuació. L'RSI a 62,9 està en zona alta-neutra, sense divergència útil ni sobrevenda per a una entrada de baix risc; comprar aquí implicaria situar l'stop sota la SMA20 (~97-98), una distància del 6% en un actiu volàtil sense senyal de confirmació. Pel que fa al posicionament, tres carteres grans de Hyperliquid estan netes llargues i hi ha compres recents importants, i el funding és lleugerament positiu: això només és biaix direccional en perpetus apalancats, no és una confirmació ni una raó per operar spot sense senyal tècnic propi. A més, l'equity del compte (10,44 USD) fa que qualsevol posició sigui insignificant i el cost relatiu d'execució elevat. Amb senyals mixtos (tendència alcista però impuls i volum absents), la decisió disciplinada és esperar: una ruptura amb volum creixent per sobre dels màxims recents, o un retrocés a la SMA20 amb reacció clara, oferirien un punt d'entrada molt millor.",[],"Across the 15 best-performing large Hyperliquid wallets sampled, 3 hold a SOL PERPETUAL position, and in aggregate they are net long by roughly 100% ($6,514,738 long vs $0 short); the SOL perpetual funding rate is 0.0005% (longs are paying shorts), which puts the broader market on the long side, the same direction as the wallet sample above. Specific recent activity from the same sampled wallets in the last ~24h: wallet ending ...ccbb opened a $82,254 long 6 hours ago; wallet ending ...028c opened a $515,973 long 6 hours ago; wallet ending ...ccbb opened a $167,385 long 7 hours ago; wallet ending ...028c opened a $1,033,414 long 7 hours ago; wallet ending ...ccbb closed a $84,930 long 9 hours ago. These are leveraged perpetual positions (and, where noted above, trades) taken by other traders, not spot holdings, and this bot trades spot without leverage. Treat this as directional bias only, never as confirmation, and never as a reason to act without your own technical justification.",REAL
173,2026-09-09T08:26:01.469584+00:00,BTC-USD,hold,hold,0.56,0.0,,,79538.7265625,10.44,,,,,"L'estructura de tendència és alcista: el preu (79.539) es manté per sobre de la SMA20 (78.760) i molt per sobre de la SMA50 (70.219), amb un creuament daurat recent i un RSI de 62,9 que encara no és de sobrecompra. Tot i això, hi ha senyals contradictoris que aconsellen no forçar l'entrada: la pujada de l'1,4% arriba amb un volum un 19,3% inferior, és a dir, momentum sense confirmació de volum, que és precisament la mena d'impuls que sol esgotar-se. A més, el preu ja cotitza un 13% per sobre de la SMA50, cosa que deixa poc marge per a un stop raonable sense assumir un risc ampli, i un dels titulars apunta a rotació de capital de Bitcoin cap a altcoins amb risc de tipus a l'alça. Pel que fa al posicionament, el fet que 6 de 15 carteres grans estiguin netes llargues i que s'hagin obert llargs importants fa 13 hores és només biaix direccional: són posicions perpètues apalancades amb entrades, horitzons i cobertures desconegudes, i aquí operem spot sense apalancament, de manera que no és cap confirmació. Amb la tendència a favor però el volum en contra, l'opció disciplinada és esperar: o bé una recollida cap a la SMA20 amb volum comprador, o bé una ruptura de màxims amb expansió clara de volum abans d'obrir llarg.","[""Bitmine Buys $69M in Ether, Closes In on 5% of Ethereum Supply"", ""Strategy Holds Off On Bitcoin Purchases As It Buys Preferred Stock"", ""Bitcoin Forms Bullish Golden Cross"", ""Crypto Platforms Lose $3.63 Billion To Cyberattacks"", ""Crypto Investors Rotate From Bitcoin Into Altcoins as Rate Risks Rise""]","Across the 15 best-performing large Hyperliquid wallets sampled, 6 hold a BTC PERPETUAL position, and in aggregate they are net long by roughly 100% ($11,831,580 long vs $0 short); the BTC perpetual funding rate is 0.0013% (longs are paying shorts), which puts the broader market on the long side, the same direction as the wallet sample above. Specific recent activity from the same sampled wallets in the last ~24h: wallet ending ...ccbb opened a $63,415 long 13 hours ago; wallet ending ...028c opened a $391,654 long 13 hours ago; wallet ending ...ccbb opened a $126,959 long 13 hours ago; wallet ending ...028c opened a $784,078 long 13 hours ago; wallet ending ...be21 closed a $705,471 long 19 hours ago. These are leveraged perpetual positions (and, where noted above, trades) taken by other traders, not spot holdings, and this bot trades spot without leverage. Treat this as directional bias only, never as confirmation, and never as a reason to act without your own technical justification.",REAL
174,2026-09-09T08:26:35.976951+00:00,ETH-USD,hold,buy,0.56,0.0,,,2517.77001953125,10.44,confidence 0.56 is below the 0.60 minimum for this mode,,,,"L'estructura tècnica és alcista i ordenada: el preu (2.517) cotitza per sobre de la SMA20 (2.469) i molt per sobre de la SMA50 (2.139), amb les mitjanes correctament apilades, cosa que confirma una tendència alcista consolidada i no un simple repunt puntual. L'RSI de 64,9 mostra força sense arribar a zona de sobrecompra extrema, deixant recorregut. Punt feble important: el moviment del +1,32% ve acompanyat d'un volum en descens (-2,66%), és a dir, no hi ha confirmació de volum; això rebaixa la qualitat del senyal i em fa moderar tant la confiança com l'ambició de l'objectiu. Els titulars (compres institucionals de Bitmine, obertura de trading spot per part de Standard Chartered) donen un context favorable, i el posicionament net llarg de les carteres grans i el funding positiu apunten en la mateixa direcció, però tot això és només biaix direccional: són posicions perpètues apalancades d'altres operadors i no substitueixen la justificació tècnica ni serien per si soles motiu per entrar. La decisió es basa en la tendència, amb el posicionament només com a color de fons. Stop a 2.385, just per sota de la SMA20 i de l'estructura recent, de manera que una pèrdua d'aquest nivell invalidaria la tesi alcista; objectiu a 2.800, oferint una relació risc/benefici propera a 2:1. Confiança continguda per la manca de confirmació de volum.","[""Bitmine Buys $69M in Ether, Closes In on 5% of Ethereum Supply"", ""Weekly Wrap: Bitcoin\u2019s Win Streak Continues"", ""Polymarket Offers Crypto Perps With 20 Times Leverage"", ""Standard Chartered Launches Spot Bitcoin, Ether Trading for UAE Institutions"", ""Coinbase Brings Crypto Futures to Canadian Traders""]","Across the 15 best-performing large Hyperliquid wallets sampled, 6 hold a ETH PERPETUAL position, and in aggregate they are net long by roughly 100% ($26,747,968 long vs $0 short); the ETH perpetual funding rate is 0.0013% (longs are paying shorts), which puts the broader market on the long side, the same direction as the wallet sample above. Specific recent activity from the same sampled wallets in the last ~24h: wallet ending ...3394 opened a $2,797,708 long 16 minutes ago; wallet ending ...3394 closed a $5,588,776 long 16 minutes ago; wallet ending ...3394 opened a $5,595,208 long 17 minutes ago; wallet ending ...65de closed a $146,886 long 5 hours ago; wallet ending ...5d58 closed a $7,428,167 long 13 hours ago. These are leveraged perpetual positions (and, where noted above, trades) taken by other traders, not spot holdings, and this bot trades spot without leverage. Treat this as directional bias only, never as confirmation, and never as a reason to act without your own technical justification.",REAL
175,2026-09-09T08:27:09.915740+00:00,SOL-USD,hold,buy,0.55,0.0,,,104.79000091552734,10.44,confidence 0.55 is below the 0.60 minimum for this mode,,,,"La tendència és clarament alcista: el preu (104,79) cotitza per sobre de la SMA20 (101,61) i molt per sobre de la SMA50 (85,99), amb les mitjanes en ordre alcista, cosa que indica una estructura de tendència sana i no un simple rebot puntual. L'RSI de 63,8 mostra impuls positiu sense arribar a zona de sobrecompra extrema, així que encara hi ha marge abans d'esgotament. El punt feble és el volum: la variació de volum és de -6,6% mentre el preu puja +1,4%, és a dir que el moviment NO té confirmació de volum; és una caiguda moderada, no un col·lapse, però obliga a rebaixar la convicció i a no sobredimensionar l'operació. No hi ha titulars que aportin cap catalitzador. Pel que fa al market_positioning, tres carteres grans estan netes llargues i el funding és lleugerament positiu: això només acompanya el biaix direccional que ja mostra el preu, no és cap confirmació ni motiu per actuar, i menys tenint en compte que són posicions perpètues apalancades mentre nosaltres operem spot sense palanquejament. Decisió: compra de continuació de tendència amb stop a 97,50, just per sota de la SMA20 i de l'estructura recent (invalidaria la tesi alcista), i objectiu a 119, que dóna una relació risc/benefici propera a 2:1. Confiança moderada per la manca de confirmació de volum.",[],"Across the 15 best-performing large Hyperliquid wallets sampled, 3 hold a SOL PERPETUAL position, and in aggregate they are net long by roughly 100% ($6,580,351 long vs $0 short); the SOL perpetual funding rate is 0.0013% (longs are paying shorts), which puts the broader market on the long side, the same direction as the wallet sample above. Specific recent activity from the same sampled wallets in the last ~24h: wallet ending ...028c opened a $515,973 long 13 hours ago; wallet ending ...028c opened a $1,033,414 long 13 hours ago; wallet ending ...028c closed a $523,000 long 16 hours ago. These are leveraged perpetual positions (and, where noted above, trades) taken by other traders, not spot holdings, and this bot trades spot without leverage. Treat this as directional bias only, never as confirmation, and never as a reason to act without your own technical justification.",REAL
176,2026-09-09T15:22:13.261381+00:00,BTC-USD,hold,hold,0.62,0.0,,,78344.2265625,10.44,,,,,"La tendència de fons és alcista: el preu (78.344) està molt per sobre de la SMA50 (70.195) i s'ha format un creuament daurat, amb un RSI de 59,7 que no és ni sobrecomprat ni feble. Però el senyal a curt termini no acompanya: el preu ha perdut la SMA20 (78.700), la variació diària és pràcticament plana (-0,12%) i el volum cau un 20%, és a dir que no hi ha confirmació de volum per a cap impuls. Sense empenta ni volum, comprar aquí seria entrar enmig d'una consolidació just sota una mitjana que ara actua com a resistència. El posicionament de les carteres grans de Hyperliquid (net llarg ~100%) i el funding lleugerament positiu només indiquen biaix direccional; a més, dues d'aquestes carteres han tancat llargs fa tres hores, cosa que confirma que és informació sorollosa i mai un motiu per actuar per si sola, especialment tractant-se de perpetuals apalancats mentre nosaltres operem spot. Els titulars són mixtos (creuament daurat alcista vs. 3.630 M$ perduts en ciberatacs i Strategy aturant compres de BTC). Amb senyals contradictoris i un capital molt reduït (10,44 $), el més disciplinat és esperar: una recuperació clara de la SMA20 amb increment de volum, o una recaiguda cap a la zona 74.000-75.000 amb reacció, donarien una entrada millor.","[""Crypto Firm Block Files For U.S. Bank Charter"", ""Bitmine Buys $69M in Ether, Closes In on 5% of Ethereum Supply"", ""Strategy Holds Off On Bitcoin Purchases As It Buys Preferred Stock"", ""Bitcoin Forms Bullish Golden Cross"", ""Crypto Platforms Lose $3.63 Billion To Cyberattacks""]","Across the 15 best-performing large Hyperliquid wallets sampled, 6 hold a BTC PERPETUAL position, and in aggregate they are net long by roughly 100% ($11,192,331 long vs $0 short); the BTC perpetual funding rate is 0.0013% (longs are paying shorts), which puts the broader market on the long side, the same direction as the wallet sample above. Specific recent activity from the same sampled wallets in the last ~24h: wallet ending ...ccbb closed a $64,915 long 3 hours ago; wallet ending ...028c closed a $397,785 long 3 hours ago; wallet ending ...ccbb opened a $63,415 long 20 hours ago; wallet ending ...028c opened a $391,654 long 20 hours ago; wallet ending ...ccbb opened a $126,959 long 20 hours ago. These are leveraged perpetual positions (and, where noted above, trades) taken by other traders, not spot holdings, and this bot trades spot without leverage. Treat this as directional bias only, never as confirmation, and never as a reason to act without your own technical justification.",REAL
177,2026-09-09T15:22:45.499776+00:00,ETH-USD,hold,hold,0.62,0.0,,,2475.699951171875,10.44,,,,,"La tendència de fons és alcista (preu 2475,70 per sobre de la SMA20 a 2467,52 i molt per sobre de la SMA50 a 2138) i l'RSI de 61,9 és positiu però ja avançat, sense arribar a sobrecompra. El problema és la qualitat del senyal a curt termini: el preu està pràcticament clavat a la SMA20 (menys d'un 0,4% per sobre), la variació de preu és lleugerament negativa (-0,37%) i el canvi de volum és només d'un +1,45%, és a dir, cap confirmació de volum darrere del moviment. Sense expansió de volum, entrar aquí seria comprar en una consolidació plana just sobre el suport dinàmic, amb un stop tècnic massa proper (per sota de la SMA20) i risc alt de fals trencament. Pel que fa al posicionament, el conjunt de carteres grans està net long al 100% i el funding és lleugerament positiu, cosa que dóna biaix alcista, però l'activitat de les últimes hores és tota de tancaments de longs (inclòs un de 12,5 M$ fa un minut): això és, com a mínim, un senyal ambigu i en cap cas una confirmació. Són posicions perpètues amb palanquejament i aquí es tracta d'operar spot sense palanquejament, per tant no es copien. Els titulars (compres de Bitmine, accés institucional via Standard Chartered) són constructius a mitjà termini però no generen per si sols una entrada. Amb senyals tècnics neutres-mixtos i sense confirmació de volum, la decisió honesta és esperar: caldria veure o bé un trencament amb volum clarament creixent per sobre dels màxims recents, o bé una recaiguda cap a la zona de la SMA50 per tenir una entrada amb risc definit. A més, amb un capital de només 10,44 USD, la posició seria irrellevant i els costos relatius desproporcionats.","[""Ethereum Foundation Aims To Be \u2018Quantum Resistant\u2019 By 2029"", ""Bitmine Buys $69M in Ether, Closes In on 5% of Ethereum Supply"", ""Weekly Wrap: Bitcoin\u2019s Win Streak Continues"", ""Polymarket Offers Crypto Perps With 20 Times Leverage"", ""Standard Chartered Launches Spot Bitcoin, Ether Trading for UAE Institutions""]","Across the 15 best-performing large Hyperliquid wallets sampled, 5 hold a ETH PERPETUAL position, and in aggregate they are net long by roughly 100% ($11,038,038 long vs $0 short); the ETH perpetual funding rate is 0.0013% (longs are paying shorts), which puts the broader market on the long side, the same direction as the wallet sample above. Specific recent activity from the same sampled wallets in the last ~24h: wallet ending ...6951 closed a $12,494,961 long 1 minute ago; wallet ending ...3394 closed a $2,760,553 long 15 minutes ago; wallet ending ...3394 closed a $773,197 long 1 hour ago; wallet ending ...ccbb closed a $51,153 long 3 hours ago; wallet ending ...028c closed a $313,812 long 3 hours ago. These are leveraged perpetual positions (and, where noted above, trades) taken by other traders, not spot holdings, and this bot trades spot without leverage. Treat this as directional bias only, never as confirmation, and never as a reason to act without your own technical justification.",REAL
178,2026-09-09T15:23:10.510316+00:00,SOL-USD,hold,hold,0.62,0.0,,,102.19000244140625,10.44,,,,,"La tendència de fons és alcista: el preu (102,19) està per sobre de la SMA20 (101,48) i molt per sobre de la SMA50 (85,93), amb un RSI de 59,8 que és positiu però sense sobrecompra. Tanmateix, el senyal d'entrada immediat és feble: la sessió és negativa (-1,1%) i el volum també cau (-2,2%), és a dir, no hi ha cap confirmació de volum que doni suport a una represa alcista; el preu només frega la SMA20, una zona on un trencament a la baixa és tan probable com un rebot. No hi ha titulars que aportin catalitzador. Pel que fa al posicionament, tot i que la mostra de carteres grans està netament llarga, dues d'aquestes carteres han TANCAT longs fa tres hores i el funding és lleugerament negatiu (el mercat ampli està curt): senyals contradictoris i, en qualsevol cas, són posicions perpètues amb palanquejament que no es poden replicar en spot ni serveixen de confirmació. Amb un capital de només 10,44 USD, entrar sense confirmació de volum en una zona d'indecisió no compensa el risc. Millor esperar o bé un tancament clarament per sobre dels màxims recents amb expansió de volum, o bé una recaiguda cap a la SMA50 que ofereixi una relació risc/benefici molt més neta.",[],"Across the 15 best-performing large Hyperliquid wallets sampled, 3 hold a SOL PERPETUAL position, and in aggregate they are net long by roughly 100% ($5,826,541 long vs $0 short); the SOL perpetual funding rate is -0.0006% (shorts are paying longs), which puts the broader market on the short side, which is the OPPOSITE direction to the wallet sample above. Specific recent activity from the same sampled wallets in the last ~24h: wallet ending ...ccbb closed a $84,731 long 3 hours ago; wallet ending ...028c closed a $522,999 long 3 hours ago; wallet ending ...ccbb opened a $82,254 long 20 hours ago; wallet ending ...028c opened a $515,973 long 20 hours ago; wallet ending ...ccbb opened a $167,385 long 20 hours ago. These are leveraged perpetual positions (and, where noted above, trades) taken by other traders, not spot holdings, and this bot trades spot without leverage. Treat this as directional bias only, never as confirmation, and never as a reason to act without your own technical justification.",REAL
179,2026-09-09T18:54:00.343416+00:00,BTC-USD,hold,hold,0.62,0.0,,,78477.5234375,10.44,,,,,"La tendència de fons segueix alcista: el preu (78.478) es manté molt per damunt de la SMA50 (70.198) i s'ha format un creuament daurat, amb un RSI de 60 que indica impuls moderat sense sobrecompra. Però el senyal a curt termini és ambigu: el preu cotitza lleugerament per sota de la SMA20 (78.707), la variació diària és pràcticament nul·la (+0,05%) i, sobretot, el volum cau un 17,9%. És a dir, no hi ha confirmació de volum per a cap ruptura; un moviment lateral amb volum decreixent just per sota de la mitjana de 20 sessions és un context de consolidació, no d'entrada. Les notícies (charter bancari de Block, compres institucionals) i el posicionament de Hyperliquid (100% net llarg, funding lleugerament positiu) aporten només un biaix direccional alcista; a més, dues de les carteres seguides van tancar llargs fa 6 hores, cosa que mostra que aquest posicionament és rotatiu i apalancat, incomparable amb una posició spot sense palanquejament. Copiar-ho no és una tesi. Sense una recuperació decidida de la SMA20 acompanyada d'expansió de volum, el valor esperat d'obrir ara és baix i el risc de quedar atrapat en el rang és alt. Espero confirmació abans d'actuar.","[""Crypto Groups Ask Illinois Court to Halt Digital Asset Tax"", ""Crypto Firm Block Files For U.S. Bank Charter"", ""Bitmine Buys $69M in Ether, Closes In on 5% of Ethereum Supply"", ""Strategy Holds Off On Bitcoin Purchases As It Buys Preferred Stock"", ""Bitcoin Forms Bullish Golden Cross""]","Across the 15 best-performing large Hyperliquid wallets sampled, 6 hold a BTC PERPETUAL position, and in aggregate they are net long by roughly 100% ($11,213,428 long vs $0 short); the BTC perpetual funding rate is 0.0013% (longs are paying shorts), which puts the broader market on the long side, the same direction as the wallet sample above. Specific recent activity from the same sampled wallets in the last ~24h: wallet ending ...ccbb closed a $64,915 long 6 hours ago; wallet ending ...028c closed a $397,785 long 6 hours ago; wallet ending ...ccbb opened a $63,415 long 23 hours ago; wallet ending ...028c opened a $391,654 long 23 hours ago; wallet ending ...ccbb opened a $126,959 long 24 hours ago. These are leveraged perpetual positions (and, where noted above, trades) taken by other traders, not spot holdings, and this bot trades spot without leverage. Treat this as directional bias only, never as confirmation, and never as a reason to act without your own technical justification.",REAL
180,2026-09-09T18:54:31.060232+00:00,ETH-USD,hold,buy,0.56,0.0,,,2485.3798828125,10.44,confidence 0.56 is below the 0.60 minimum for this mode,,,,"La tendència és clarament alcista: el preu (2485) cotitza per sobre de la SMA20 (2468) i molt per sobre de la SMA50 (2138), amb una estructura de mitjanes ordenada que indica continuïtat. L'RSI de 62,9 mostra força sense arribar a sobrecompra extrema, cosa que deixa recorregut. El punt més positiu és que la pujada del +1,76% ve acompanyada d'un increment de volum del +83,6%, és a dir, hi ha confirmació de volum i no es tracta d'un simple 'pump' sense participació. Com a contrapès: el preu només està un 0,7% per sobre de la SMA20, de manera que el marge respecte al suport dinàmic és estret, i les notícies (compres de Bitmine, ràcia alcista del BTC) són un context favorable però no una tesi per si soles. Pel que fa al posicionament, el fet que les carteres grans estiguin netes llargues i que el funding sigui lleugerament positiu només és biaix direccional; de fet, l'activitat recent concreta és de tancaments de llargs multimilionaris a les últimes hores, cosa que suggereix presa de beneficis i em fa moderar la confiança en lloc d'augmentar-la. No copio cap posició apalancada: opero spot amb justificació tècnica pròpia. Stop a 2378, per sota de la SMA20 i de l'estructura de suport recent, on la tesi de continuïtat quedaria invalidada; objectiu a 2695, amb una relació risc/benefici aproximada de 2:1.","[""Crypto Groups Ask Illinois Court to Halt Digital Asset Tax"", ""Ethereum Foundation Aims To Be \u2018Quantum Resistant\u2019 By 2029"", ""Bitmine Buys $69M in Ether, Closes In on 5% of Ethereum Supply"", ""Weekly Wrap: Bitcoin\u2019s Win Streak Continues"", ""Polymarket Offers Crypto Perps With 20 Times Leverage""]","Across the 15 best-performing large Hyperliquid wallets sampled, 4 hold a ETH PERPETUAL position, and in aggregate they are net long by roughly 100% ($10,835,556 long vs $0 short); the ETH perpetual funding rate is 0.0013% (longs are paying shorts), which puts the broader market on the long side, the same direction as the wallet sample above. Specific recent activity from the same sampled wallets in the last ~24h: wallet ending ...6951 closed a $12,494,961 long 4 hours ago; wallet ending ...3394 closed a $2,760,553 long 4 hours ago; wallet ending ...3394 closed a $773,197 long 5 hours ago; wallet ending ...ccbb closed a $51,153 long 6 hours ago; wallet ending ...028c closed a $313,812 long 6 hours ago. These are leveraged perpetual positions (and, where noted above, trades) taken by other traders, not spot holdings, and this bot trades spot without leverage. Treat this as directional bias only, never as confirmation, and never as a reason to act without your own technical justification.",REAL
181,2026-09-09T18:55:02.636470+00:00,SOL-USD,hold,hold,0.6,0.0,,,103.36000061035156,10.44,,,,,"L'estructura de fons és alcista: el preu (103,36) està per sobre de la SMA20 (101,53) i molt per sobre de la SMA50 (85,96), amb les mitjanes ordenades a l'alça, i l'RSI a 62 encara no és de sobrecompra. Fins aquí, tendència sana. Però no hi ha cap detonant d'entrada avui: la variació de preu és pràcticament nul·la (+0,03%) i el volum cau un 3%, és a dir, cap confirmació de volum darrere del moviment; és consolidació lateral, no una represa impulsiva. El preu també acumula ja un ~20% per sobre de la SMA50, cosa que deixa poc marge abans d'una reversió a la mitjana i obligaria a un stop ampli (sota 97-98) per a una entrada sense senyal clar. El posicionament de Hyperliquid és net llarg al 100% i el funding lleugerament positiu, però això és només biaix direccional: a més, dos wallets han tancat llargs fa 6 hores, senyal que ni tan sols hi ha unanimitat en el flux recent, i en cap cas es copia una posició apalancada en perpetus quan nosaltres operem spot. Sense confirmació de volum ni ruptura, la decisió correcta és esperar: un tancament per sobre dels màxims recents amb volum creixent, o bé una recaiguda i rebot net sobre la SMA20, donarien un punt d'entrada amb risc definit molt millor.",[],"Across the 15 best-performing large Hyperliquid wallets sampled, 3 hold a SOL PERPETUAL position, and in aggregate they are net long by roughly 100% ($5,889,253 long vs $0 short); the SOL perpetual funding rate is 0.0001% (longs are paying shorts), which puts the broader market on the long side, the same direction as the wallet sample above. Specific recent activity from the same sampled wallets in the last ~24h: wallet ending ...ccbb closed a $84,731 long 6 hours ago; wallet ending ...028c closed a $522,999 long 6 hours ago; wallet ending ...ccbb opened a $82,254 long 23 hours ago; wallet ending ...028c opened a $515,973 long 23 hours ago; wallet ending ...ccbb opened a $167,385 long 24 hours ago. These are leveraged perpetual positions (and, where noted above, trades) taken by other traders, not spot holdings, and this bot trades spot without leverage. Treat this as directional bias only, never as confirmation, and never as a reason to act without your own technical justification.",REAL
182,2026-09-09T22:01:57.048755+00:00,BTC-USD,hold,hold,0.62,0.0,,,78143.1875,10.44,,,,,"La tendència de fons és alcista (preu molt per sobre de la SMA50 a 70.191 i creuament daurat confirmat pels titulars), però el senyal immediat no acompanya: el preu (78.143) està per sota de la SMA20 (78.690), la variació diària és lleugerament negativa (-0,38%) i, sobretot, el volum cau un 17%, de manera que no hi ha confirmació de volum per a cap moviment direccional. L'RSI de 58,9 és neutre-alcista però sense divergència ni sobrecompra explotable. El posicionament del mercat és contradictori: la mostra de wallets està pràcticament plana (net long ~1%), el funding negatiu indica que el mercat ampli està curt, i les operacions recents inclouen tant shorts grans (~7,8M des d'un mateix wallet) com longs tancats poques hores després. Això és soroll direccional, no una tesi, i en cap cas motiu per copiar posicions apalancades quan nosaltres operem spot. Amb senyals en conflicte i sense confirmació de volum, la decisió correcta és esperar: caldria una recuperació per sobre de la SMA20 amb volum creixent per obrir llarg, o una pèrdua clara del suport per replantejar el biaix.","[""Crypto Groups Ask Illinois Court to Halt Digital Asset Tax"", ""Crypto Firm Block Files For U.S. Bank Charter"", ""Bitmine Buys $69M in Ether, Closes In on 5% of Ethereum Supply"", ""Strategy Holds Off On Bitcoin Purchases As It Buys Preferred Stock"", ""Bitcoin Forms Bullish Golden Cross""]","Across the 15 best-performing large Hyperliquid wallets sampled, 7 hold a BTC PERPETUAL position, and in aggregate they are net long by roughly 1% ($7,952,497 long vs $7,811,800 short); the BTC perpetual funding rate is -0.0010% (shorts are paying longs), which puts the broader market on the short side, which is the OPPOSITE direction to the wallet sample above. Specific recent activity from the same sampled wallets in the last ~24h: wallet ending ...5d58 opened a $1,958,628 short 3 hours ago; wallet ending ...5d58 opened a $5,876,829 short 3 hours ago; wallet ending ...ccbb closed a $64,915 long 9 hours ago; wallet ending ...03df opened a $1,491,518 long 12 hours ago; wallet ending ...03df closed a $980,930 long 12 hours ago. These are leveraged perpetual positions (and, where noted above, trades) taken by other traders, not spot holdings, and this bot trades spot without leverage. Treat this as directional bias only, never as confirmation, and never as a reason to act without your own technical justification.",REAL
183,2026-09-09T22:02:25.435388+00:00,ETH-USD,hold,hold,0.62,0.0,,,2462.139892578125,10.44,,,,,"La tendència de fons segueix alcista (preu molt per sobre de la SMA50 de 2137), però a curt termini el senyal és neutre: el preu (2462) està lleugerament per sota de la SMA20 (2467), amb una caiguda del -0,9% en l'última sessió i un RSI de 60 que ja no mostra impuls fresc sinó consolidació. L'augment de volum (+5,5%) és marginal i acompanya una vela negativa, per tant no confirma cap ruptura alcista; no hi ha compressió ni breakout net que justifiqui obrir posició aquí. Pel que fa al posicionament, els senyals es contradiuen: les carteres mostrejades estan netes llargues, però el funding negatiu indica que el mercat ampli està del costat curt, i la cartera ...ccbb acaba de tancar diverses posicions llargues fa menys d'una hora. Això és només biaix direccional, i a més contradictori, de manera que no aporta cap confirmació. Amb un capital de només 10,44 USD i sense avantatge tècnic clar, la decisió correcta és esperar: buscaria una entrada amb tancament clar per sobre de la SMA20 amb volum creixent, o bé un retrocés amb suport confirmat prop de la zona 2300-2350.","[""Crypto Groups Ask Illinois Court to Halt Digital Asset Tax"", ""Ethereum Foundation Aims To Be \u2018Quantum Resistant\u2019 By 2029"", ""Bitmine Buys $69M in Ether, Closes In on 5% of Ethereum Supply"", ""Weekly Wrap: Bitcoin\u2019s Win Streak Continues"", ""Polymarket Offers Crypto Perps With 20 Times Leverage""]","Across the 15 best-performing large Hyperliquid wallets sampled, 4 hold a ETH PERPETUAL position, and in aggregate they are net long by roughly 100% ($4,085,196 long vs $0 short); the ETH perpetual funding rate is -0.0014% (shorts are paying longs), which puts the broader market on the short side, which is the OPPOSITE direction to the wallet sample above. Specific recent activity from the same sampled wallets in the last ~24h: wallet ending ...ccbb closed a $33,934 long 39 minutes ago; wallet ending ...ccbb closed a $113,701 long 39 minutes ago; wallet ending ...ccbb closed a $21,878 long 40 minutes ago; wallet ending ...ccbb closed a $9,811 long 40 minutes ago; wallet ending ...ccbb closed a $15,947 long 41 minutes ago. These are leveraged perpetual positions (and, where noted above, trades) taken by other traders, not spot holdings, and this bot trades spot without leverage. Treat this as directional bias only, never as confirmation, and never as a reason to act without your own technical justification.",REAL
184,2026-09-09T22:02:55.738289+00:00,SOL-USD,hold,hold,0.62,0.0,,,101.9800033569336,10.44,,,,,"La tendència de fons és alcista: el preu (101,98) es manté per sobre de la SMA20 (101,47) i molt per sobre de la SMA50 (85,93), amb un RSI de 59 que és constructiu però ja no barat. El problema és la qualitat del moviment actual: la sessió és lleugerament negativa (-1,3%) i, sobretot, el volum cau un 74%, de manera que no hi ha cap confirmació de volum per a una entrada de continuació. El preu està literalment enganxat a la SMA20, una zona de decisió on una entrada implicaria un stop molt ajustat i alt risc de ser expulsat pel soroll, o bé un stop ampli que no compensa. El senyal de posicionament és contradictori: dues carteres grans estan netes llargues, però el funding negatiu indica que el mercat ampli està curt, i a més una cartera va tancar un llarg de 84.731 $ fa 9 hores; en qualsevol cas això només és biaix direccional i no crea una tesi per si sol, i no es pot copiar posicionament apalancat operant spot sense palanquejament. Sense titulars ni catalitzadors i amb el volum en retirada, el més disciplinat és esperar: o bé una ruptura amb expansió de volum per sobre dels màxims recents, o bé un retrocés net cap a la zona de la SMA50 amb senyal de suport. Cal afegir que amb un capital de 10,44 $ la mida operativa és irrellevant i no justifica assumir un risc en un setup de baixa convicció.",[],"Across the 15 best-performing large Hyperliquid wallets sampled, 2 hold a SOL PERPETUAL position, and in aggregate they are net long by roughly 100% ($1,225,138 long vs $0 short); the SOL perpetual funding rate is -0.0021% (shorts are paying longs), which puts the broader market on the short side, which is the OPPOSITE direction to the wallet sample above. Specific recent activity from the same sampled wallets in the last ~24h: wallet ending ...ccbb closed a $84,731 long 9 hours ago. These are leveraged perpetual positions (and, where noted above, trades) taken by other traders, not spot holdings, and this bot trades spot without leverage. Treat this as directional bias only, never as confirmation, and never as a reason to act without your own technical justification.",REAL
185,2026-09-10T01:33:50.772536+00:00,BTC-USD,hold,hold,0.62,0.0,,,78053.390625,10.44,,,,,"Senyals mixtos i sense confirmació de volum. El preu (78.053) està per sota de la SMA20 (78.685) però clarament per damunt de la SMA50 (70.189): la tendència de fons és alcista (creuament daurat, coherent amb el titular), però a curt termini hi ha pèrdua d'impuls amb una variació de -0,49% i, sobretot, un volum que cau un -14%. Una estructura alcista sense volum que l'acompanyi és feble i no justifica obrir llarg just per sota de la mitjana de 20 sessions. L'RSI de 58 és neutre-alcista però no aporta cap avantatge clar ni sobrevenda per entrar amb bon risc/benefici. El posicionament de les carteres grans de Hyperliquid (net llarg ~47%, una compra recent de 939k) és només biaix direccional i, a més, contradiu el funding negatiu, que indica que el mercat ampli està del costat curt: dues fonts que es cancel·len i que, en tot cas, mai serien motiu per operar sense una base tècnica pròpia. També cal notar que són posicions perpètues apalancades, incomparables amb una compra spot sense palanquejament. Afegit a això, el capital del compte (10,44 USD) fa que qualsevol entrada amb un stop raonable (per sota de ~75.000, zona de suport i mínims recents) sigui operativament irrellevant. L'opció disciplinada és esperar: o bé una recuperació de la SMA20 amb expansió de volum per comprar, o bé una correcció cap a la zona 73.000-75.000 amb senyal de reversió.","[""Crypto Groups Ask Illinois Court to Halt Digital Asset Tax"", ""Crypto Firm Block Files For U.S. Bank Charter"", ""Bitmine Buys $69M in Ether, Closes In on 5% of Ethereum Supply"", ""Strategy Holds Off On Bitcoin Purchases As It Buys Preferred Stock"", ""Bitcoin Forms Bullish Golden Cross""]","Across the 15 best-performing large Hyperliquid wallets sampled, 7 hold a BTC PERPETUAL position, and in aggregate they are net long by roughly 47% ($21,695,833 long vs $7,803,500 short); the BTC perpetual funding rate is -0.0003% (shorts are paying longs), which puts the broader market on the short side, which is the OPPOSITE direction to the wallet sample above. Specific recent activity from the same sampled wallets in the last ~24h: wallet ending ...5872 opened a $939,558 long 1 hour ago; wallet ending ...5872 closed a $78,276 long 2 hours ago; wallet ending ...5872 closed a $78,225 long 2 hours ago; wallet ending ...5872 closed a $312,884 long 2 hours ago; wallet ending ...5872 closed a $78,200 long 2 hours ago. These are leveraged perpetual positions (and, where noted above, trades) taken by other traders, not spot holdings, and this bot trades spot without leverage. Treat this as directional bias only, never as confirmation, and never as a reason to act without your own technical justification.",REAL
186,2026-09-10T01:34:23.564762+00:00,ETH-USD,hold,hold,0.6,0.0,,,2459.7099609375,10.44,,,,,"La tendència de fons és alcista: el preu (2459,71) està molt per sobre de la SMA50 (2137,68), amb un RSI de 60 que indica moment positiu però sense sobrecompra. Tanmateix, a curt termini el senyal és ambigu: el preu ha perdut lleugerament la SMA20 (2466,72) i tanca amb un -1,0%, és a dir, estem en una consolidació just al nivell de referència, sense un desencadenant clar de compra. El volum puja un 13%, però ho fa en una sessió negativa, cosa que resta qualitat al suposat impuls: augment de volum sense avanç de preu és més aviat distribució o indecisió que acumulació. Pel que fa al posicionament, el sondeig de carteres és 100% net llarg i el funding és lleugerament positiu, però l'activitat recent concreta és precisament de tancaments de llargs (cinc tancaments de la wallet ...5872 en menys de mitja hora), un senyal contradictori; en qualsevol cas es tracta de posicions perpètues apalancades d'altres operadors i mai és, per si sol, motiu per obrir spot. Amb senyals tècnics enfrontats i sense confirmació de volum a l'alça, el més disciplinat és esperar: una recuperació neta i sostinguda per sobre de la SMA20 amb volum creixent, o bé una correcció fins a una zona de suport més profunda, oferirien un punt d'entrada amb millor relació risc/benefici. A més, l'equity del compte (10,44 USD) fa que qualsevol operació marginal no compensi el risc d'execució.","[""Crypto Groups Ask Illinois Court to Halt Digital Asset Tax"", ""Ethereum Foundation Aims To Be \u2018Quantum Resistant\u2019 By 2029"", ""Bitmine Buys $69M in Ether, Closes In on 5% of Ethereum Supply"", ""Weekly Wrap: Bitcoin\u2019s Win Streak Continues"", ""Polymarket Offers Crypto Perps With 20 Times Leverage""]","Across the 15 best-performing large Hyperliquid wallets sampled, 5 hold a ETH PERPETUAL position, and in aggregate they are net long by roughly 100% ($102,587,677 long vs $0 short); the ETH perpetual funding rate is 0.0004% (longs are paying shorts), which puts the broader market on the long side, the same direction as the wallet sample above. Specific recent activity from the same sampled wallets in the last ~24h: wallet ending ...5872 closed a $122,990 long 1 minute ago; wallet ending ...5872 closed a $61,925 long 25 minutes ago; wallet ending ...5872 closed a $61,900 long 25 minutes ago; wallet ending ...5872 closed a $123,750 long 26 minutes ago; wallet ending ...5872 closed a $123,700 long 28 minutes ago. These are leveraged perpetual positions (and, where noted above, trades) taken by other traders, not spot holdings, and this bot trades spot without leverage. Treat this as directional bias only, never as confirmation, and never as a reason to act without your own technical justification.",REAL
187,2026-09-10T01:34:56.092226+00:00,SOL-USD,hold,hold,0.62,0.0,,,100.83999633789062,10.44,,,,,"La tendència de fons és alcista: el preu (100,84) està molt per sobre de la SMA50 (85,91), cosa que confirma un règim positiu de mitjà termini. Però a curt termini els senyals es contradiuen: el preu ha perdut la SMA20 (101,41) i cau un -2,4% en la sessió, amb un RSI de 57 que és neutre i no aporta cap avantatge. A més, l'increment de volum del +9% arriba en una vela de caiguda, per tant el volum no confirma cap impuls comprador, sinó més aviat pressió venedora lleugera. Pel que fa al posicionament, dues carteres grans estan netes llargues, però la mateixa mostra ensenya que la cartera ...ccbb ha tancat cinc posicions llargues (uns 150.000 $ en total) fa dues hores, i el funding negatiu indica que el mercat ampli està del costat curt: bias contradictori i, en qualsevol cas, són perpetus amb palanquejament que no es poden replicar en spot. No hi ha titulars que aportin catalitzador. Sense una recuperació clara de la SMA20 amb volum comprador, entrar just en una pèrdua de mitjana mòbil ofereix una relació risc/benefici pobra i obligaria a un stop massa proper (zona 96-97) amb massa soroll. L'opció disciplinada és esperar: reconsiderar la compra si tanca per sobre de ~102,5 amb volum creixent, o buscar suport prop de la SMA50 si hi ha correcció més profunda.",[],"Across the 15 best-performing large Hyperliquid wallets sampled, 2 hold a SOL PERPETUAL position, and in aggregate they are net long by roughly 100% ($720,857 long vs $0 short); the SOL perpetual funding rate is -0.0007% (shorts are paying longs), which puts the broader market on the short side, which is the OPPOSITE direction to the wallet sample above. Specific recent activity from the same sampled wallets in the last ~24h: wallet ending ...ccbb closed a $32,432 long 2 hours ago; wallet ending ...ccbb closed a $9,931 long 2 hours ago; wallet ending ...ccbb closed a $34,822 long 2 hours ago; wallet ending ...ccbb closed a $26,483 long 2 hours ago; wallet ending ...ccbb closed a $46,973 long 2 hours ago. These are leveraged perpetual positions (and, where noted above, trades) taken by other traders, not spot holdings, and this bot trades spot without leverage. Treat this as directional bias only, never as confirmation, and never as a reason to act without your own technical justification.",REAL
188,2026-09-10T08:27:09.527989+00:00,BTC-USD,hold,hold,0.62,0.0,,,78101.0390625,10.44,,,,,"El quadre és mixt. A mitjà termini la tendència és alcista: la SMA50 (70.434) queda molt per sota del preu i s'ha format un creuament daurat, amb un RSI de 58,7 que és neutre-alcista sense sobrecompra. Però a curt termini el preu (78.101) cotitza per sota de la SMA20 (78.684), amb una variació gairebé plana (-0,20%) i, sobretot, amb un volum que cau un 53%. Aquesta manca de confirmació de volum és decisiva: no hi ha impuls comprador real, només consolidació lateral sota la mitjana de 20 sessions, i entrar aquí implicaria comprar enmig d'un rang sense catalitzador de preu/volum. Les notícies són moderadament favorables (creuament daurat, sol·licituds bancàries de firmes cripto) però Strategy ha aturat les compres de bitcoin, cosa que resta pressió compradora estructural. Pel que fa al posicionament, el biaix agregat és llarg (+33% net, funding lleugerament positiu), però l'activitat concreta de les últimes hores és precisament de tancament de llargs (el wallet ...5872 ha liquidat més de 2,2 M$ en llargs en pocs minuts), cosa que apunta a presa de beneficis més que no a acumulació; en tot cas són posicions perpètues apalancades alienes i no constitueixen senyal per si mateixes. Amb senyals contradictoris entre marc temporal curt i mitjà i sense confirmació de volum, l'opció disciplinada és esperar: o bé una recuperació de la SMA20 amb volum creixent, o bé una correcció cap a la zona de suport per obtenir una entrada amb millor relació risc/benefici.","[""Crypto Groups Ask Illinois Court to Halt Digital Asset Tax"", ""Crypto Firm Block Files For U.S. Bank Charter"", ""Bitmine Buys $69M in Ether, Closes In on 5% of Ethereum Supply"", ""Strategy Holds Off On Bitcoin Purchases As It Buys Preferred Stock"", ""Bitcoin Forms Bullish Golden Cross""]","Across the 15 best-performing large Hyperliquid wallets sampled, 7 hold a BTC PERPETUAL position, and in aggregate they are net long by roughly 33% ($15,542,056 long vs $7,809,020 short); the BTC perpetual funding rate is 0.0006% (longs are paying shorts), which puts the broader market on the long side, the same direction as the wallet sample above. Specific recent activity from the same sampled wallets in the last ~24h: wallet ending ...5872 closed a $312,072 long 8 minutes ago; wallet ending ...5872 closed a $780,010 long 10 minutes ago; wallet ending ...5872 closed a $390,195 long 11 minutes ago; wallet ending ...5872 closed a $390,140 long 12 minutes ago; wallet ending ...5872 closed a $390,385 long 20 minutes ago. These are leveraged perpetual positions (and, where noted above, trades) taken by other traders, not spot holdings, and this bot trades spot without leverage. Treat this as directional bias only, never as confirmation, and never as a reason to act without your own technical justification.",REAL
189,2026-09-10T08:27:39.783504+00:00,ETH-USD,hold,hold,0.62,0.0,,,2473.389892578125,10.44,,,,,"La tendència de fons és alcista: el preu (2473) està per sobre de la SMA20 (2465) i molt per sobre de la SMA50 (2149), amb un RSI de 61 que indica força sense sobrecompra. Però el senyal d'entrada immediat és feble: la variació de preu de la sessió és només +0,26%, pràcticament plana i enganxada a la SMA20, i el volum cau un 4%, de manera que no hi ha confirmació de volum darrere del moviment. Això és consolidació lateral dins d'una tendència, no un trencament operable. El posicionament dels grans comptes de Hyperliquid (100% net llarg, amb compres recents del wallet ...5872) i el funding lleugerament positiu només aporten biaix direccional; són posicions apalancades en perpetus que no puc replicar en spot i no substitueixen una confirmació tècnica pròpia. Els titulars (compres de Bitmine, resistència quàntica de la Fundació Ethereum) són constructius però no accionables. Amb un equity de només 10,44 USD, el marge d'error és mínim i no val la pena forçar una entrada sense catalitzador de volum. Espero un tancament clarament per sobre de la zona de resistència amb expansió de volum, o bé una recaiguda cap a la SMA50 per buscar suport, abans d'obrir llarg.","[""Crypto Groups Ask Illinois Court to Halt Digital Asset Tax"", ""Ethereum Foundation Aims To Be \u2018Quantum Resistant\u2019 By 2029"", ""Bitmine Buys $69M in Ether, Closes In on 5% of Ethereum Supply"", ""Weekly Wrap: Bitcoin\u2019s Win Streak Continues"", ""Polymarket Offers Crypto Perps With 20 Times Leverage""]","Across the 15 best-performing large Hyperliquid wallets sampled, 5 hold a ETH PERPETUAL position, and in aggregate they are net long by roughly 100% ($103,843,204 long vs $0 short); the ETH perpetual funding rate is 0.0003% (longs are paying shorts), which puts the broader market on the long side, the same direction as the wallet sample above. Specific recent activity from the same sampled wallets in the last ~24h: wallet ending ...5872 opened a $61,750 long 20 minutes ago; wallet ending ...5872 opened a $61,769 long 22 minutes ago; wallet ending ...5872 opened a $61,762 long 26 minutes ago; wallet ending ...5872 opened a $123,571 long 29 minutes ago; wallet ending ...5872 opened a $123,575 long 29 minutes ago. These are leveraged perpetual positions (and, where noted above, trades) taken by other traders, not spot holdings, and this bot trades spot without leverage. Treat this as directional bias only, never as confirmation, and never as a reason to act without your own technical justification.",REAL
190,2026-09-10T08:28:06.763442+00:00,SOL-USD,hold,hold,0.62,0.0,,,101.19000244140625,10.44,,,,,"La tendència de fons és alcista: el preu (101,19) està molt per sobre de la SMA50 (86,39) i l'RSI (57,9) és neutre-positiu sense sobrecompra. Però a curt termini no hi ha cap disparador clar: el preu cotitza lleugerament per sota de la SMA20 (101,82), la variació diària és negativa (-0,41%) i el volum cau (-0,08%), és a dir, no hi ha confirmació de volum per a cap impuls alcista. Entrar aquí seria comprar enmig d'una consolidació lateral just sota la mitjana curta, amb un stop lògic (sota mínims recents / zona 95-96) prou ampli per a un potencial poc definit. Pel que fa al posicionament, les carteres grans estan netes llargues, però l'activitat concreta de les últimes hores és de tancament de llargs — un senyal ambigu i, en tot cas, són posicions perpètues apalancades que no són comparables amb una compra spot; mai és motiu per actuar per si sol. Amb senyals en conflicte i sense catalitzador ni titulars, la decisió disciplinada és esperar: caldria una ruptura amb volum creixent per sobre de la SMA20 i dels màxims recents per plantejar una compra.",[],"Across the 15 best-performing large Hyperliquid wallets sampled, 2 hold a SOL PERPETUAL position, and in aggregate they are net long by roughly 100% ($723,432 long vs $0 short). Specific recent activity from the same sampled wallets in the last ~24h: wallet ending ...ccbb closed a $32,432 long 8 hours ago; wallet ending ...ccbb closed a $9,931 long 8 hours ago; wallet ending ...ccbb closed a $34,822 long 8 hours ago; wallet ending ...ccbb closed a $26,483 long 9 hours ago; wallet ending ...ccbb closed a $46,973 long 9 hours ago. These are leveraged perpetual positions (and, where noted above, trades) taken by other traders, not spot holdings, and this bot trades spot without leverage. Treat this as directional bias only, never as confirmation, and never as a reason to act without your own technical justification.",REAL
191,2026-09-10T15:15:34.818420+00:00,BTC-USD,hold,hold,0.62,0.0,,,77309.5,10.44,,,,,"Senyals contradictoris i sense avantatge clar. El preu (77.309) es troba per sota de la SMA20 (78.644) però clarament per sobre de la SMA50 (70.418): la tendència de fons segueix alcista, però el curt termini s'ha girat a la baixa amb una caiguda del -1,2% en l'última sessió. L'RSI a 55,5 és neutre i no aporta cap senyal d'esgotament ni d'impuls. El volum només puja un 6,9%, un increment massa modest per confirmar res: ni valida una represa alcista ni indica una distribució agressiva, de manera que qualsevol moviment recent queda sense confirmació de volum. Els titulars són lleugerament positius però genèrics (declaracions del CEO de Coinbase, notícies regulatòries i d'infraestructura) i no constitueixen un catalitzador operatiu. El posicionament de mercat és directament contradictori: les carteres grans mostrejades estan netes curtes (~46%, amb dues obertures curtes rellevants fa 20 hores) mentre que el funding positiu indica que el mercat ampli està llarg; a més, són posicions apalancades en perpetus, incomparables amb una operativa spot sense palanquejament, i mai poden justificar per si soles una entrada. Amb el preu atrapat entre la SMA20 com a resistència immediata i la SMA50 com a suport llunyà, l'entrada no ofereix una relació risc/benefici raonable: un stop tècnic hauria d'anar sota els mínims recents, massa lluny per al capital disponible (10,44 USD d'equity, que fa la mida efectiva irrellevant). L'opció disciplinada és esperar bé una recuperació amb tancament sostingut per sobre de la SMA20 acompanyat d'expansió real de volum, bé una correcció fins a la zona de la SMA50 amb senyals de suport.","[""Coinbase CEO Says Bitcoin Has Bottomed"", ""Crypto Exchange Bybit To Launch European Super App"", ""Crypto Groups Ask Illinois Court to Halt Digital Asset Tax"", ""Crypto Firm Block Files For U.S. Bank Charter"", ""Bitmine Buys $69M in Ether, Closes In on 5% of Ethereum Supply""]","Across the 15 best-performing large Hyperliquid wallets sampled, 4 hold a BTC PERPETUAL position, and in aggregate they are net short by roughly 46% ($2,850,337 long vs $7,730,700 short); the BTC perpetual funding rate is 0.0013% (longs are paying shorts), which puts the broader market on the long side, which is the OPPOSITE direction to the wallet sample above. Specific recent activity from the same sampled wallets in the last ~24h: wallet ending ...5d58 opened a $1,958,628 short 20 hours ago; wallet ending ...5d58 opened a $5,876,829 short 20 hours ago. These are leveraged perpetual positions (and, where noted above, trades) taken by other traders, not spot holdings, and this bot trades spot without leverage. Treat this as directional bias only, never as confirmation, and never as a reason to act without your own technical justification.",REAL
192,2026-09-10T15:16:00.626951+00:00,ETH-USD,hold,hold,0.62,0.0,,,2441.169921875,10.44,,,,,"Senyals contradictoris. La tendència de fons és alcista (preu molt per damunt de la SMA50 a 2148, RSI 58 en zona neutral-positiva), però a curt termini el preu ha perdut la SMA20 (2463) i cau un -1%, cosa que indica pèrdua d'impuls just sota una resistència immediata. L'augment de volum del +13,7% acompanya una sessió negativa, per tant no confirma cap ruptura alcista sinó més aviat pressió venedora; no hi ha confirmació de volum per a una entrada llarga. El posicionament del mercat és igualment ambigu: la mostra de carteres grans és net long ~98%, però el funding negatiu situa el mercat ampli al costat curt, i les operacions recents de les mateixes carteres es contradiuen entre elles (tancament d'un long de 2,7M i obertura de dos shorts). Això és només biaix direccional i, per si sol, no justifica cap operació. Els titulars (compres de Bitmine, to positiu de BTC) són favorables però no creen un setup tècnic. Amb el preu entre la SMA20 i la SMA50 i sense confirmació, l'opció correcta és esperar: una recuperació amb volum per damunt de 2470-2490 o un rebot net des de la zona 2300-2350 donarien un punt d'entrada amb risc definit. A més, l'equity de 10,44 USD fa que qualsevol posició sigui insignificant, cosa que reforça la paciència.","[""Coinbase CEO Says Bitcoin Has Bottomed"", ""Crypto Groups Ask Illinois Court to Halt Digital Asset Tax"", ""Ethereum Foundation Aims To Be \u2018Quantum Resistant\u2019 By 2029"", ""Bitmine Buys $69M in Ether, Closes In on 5% of Ethereum Supply"", ""Weekly Wrap: Bitcoin\u2019s Win Streak Continues""]","Across the 15 best-performing large Hyperliquid wallets sampled, 5 hold a ETH PERPETUAL position, and in aggregate they are net long by roughly 98% ($96,219,317 long vs $1,098,360 short); the ETH perpetual funding rate is -0.0009% (shorts are paying longs), which puts the broader market on the short side, which is the OPPOSITE direction to the wallet sample above. Specific recent activity from the same sampled wallets in the last ~24h: wallet ending ...3394 closed a $2,697,585 long 3 hours ago; wallet ending ...a776 opened a $123,211 short 4 hours ago; wallet ending ...0d76 opened a $246,418 short 4 hours ago; wallet ending ...3394 opened a $2,746,484 long 20 hours ago; wallet ending ...6951 closed a $12,494,961 long 24 hours ago. These are leveraged perpetual positions (and, where noted above, trades) taken by other traders, not spot holdings, and this bot trades spot without leverage. Treat this as directional bias only, never as confirmation, and never as a reason to act without your own technical justification.",REAL
193,2026-09-10T15:16:23.760999+00:00,SOL-USD,hold,hold,0.6,0.0,,,100.11000061035156,10.44,,,,,"El quadre tècnic és mixt. La tendència de mitjà termini és clarament alcista (preu 100,11 molt per sobre de la SMA50 de 86,37), però a curt termini el preu ha perdut la SMA20 (101,77) i tanca amb un -1,47%, cosa que indica pèrdua d'impuls immediat. L'RSI de 55,8 és neutral i no aporta cap senyal d'extrem ni de gir. L'increment de volum (+8,9%) és modest i, a més, acompanya una vela negativa, de manera que no confirma cap ruptura alcista: és volum de correcció, no d'acumulació. El posicionament de les carteres grans d'Hyperliquid (100% net llarg, diverses obertures recents de ~72k$) i el funding lleugerament positiu només indiquen un biaix direccional; són posicions perpètues apalancades amb un horitzó i una gestió de risc que desconec i que no puc replicar operant spot sense palanquejament. No és, per si sol, motiu per comprar. Sense una recuperació de la SMA20 amb volum creixent, o bé un rebot net des d'un suport definit, el risc/benefici no justifica obrir posició. A més, l'equity del compte (10,44 $) fa que qualsevol posició sigui marginal. Espero confirmació: hold.",[],"Across the 15 best-performing large Hyperliquid wallets sampled, 2 hold a SOL PERPETUAL position, and in aggregate they are net long by roughly 100% ($7,729,057 long vs $0 short); the SOL perpetual funding rate is 0.0002% (longs are paying shorts), which puts the broader market on the long side, the same direction as the wallet sample above. Specific recent activity from the same sampled wallets in the last ~24h: wallet ending ...6951 opened a $71,912 long 2 hours ago; wallet ending ...6951 opened a $71,914 long 2 hours ago; wallet ending ...6951 opened a $71,915 long 2 hours ago; wallet ending ...6951 opened a $71,916 long 2 hours ago; wallet ending ...6951 opened a $71,918 long 2 hours ago. These are leveraged perpetual positions (and, where noted above, trades) taken by other traders, not spot holdings, and this bot trades spot without leverage. Treat this as directional bias only, never as confirmation, and never as a reason to act without your own technical justification.",REAL
194,2026-09-10T18:43:52.759380+00:00,BTC-USD,hold,hold,0.66,0.0,,,77099.3125,10.44,,,,,"Senyals contradictoris i sense cap avantatge clar. El preu (77.099) cotitza per sota de la SMA20 (78.634) però clarament per sobre de la SMA50 (70.414): tendència de fons alcista però amb debilitat a curt termini, confirmada per una caiguda del -1,48% en l'última sessió. L'RSI de 54,8 és neutre i no aporta cap senyal d'esgotament ni d'impuls. L'augment de volum del +5,4% és marginal i acompanya una vela negativa, per tant no confirma cap represa alcista; no hi ha confirmació de volum per a una entrada llarga. Els titulars són moderadament positius (pressió venedora en mínims històrics, comentaris del CEO de Coinbase), però són narrativa i no substitueixen una estructura de preu favorable. El posicionament del mercat és directament contradictori: la mostra de carteres grans està neta curta un ~20%, mentre que el funding positiu indica el mercat ampli llarg, i l'activitat recent de la cartera ...5872 obrint llargs és una operació apalancada d'un tercer que no puc ni he de copiar en spot sense palanquejament. Amb el preu atrapat entre les dues mitjanes i sense catalitzador tècnic, l'opció disciplinada és esperar: o bé una recuperació amb volum per sobre de la SMA20, o bé una prova de suport prop dels 73-74k amb reacció clara. A més, l'equity del compte (10,44 USD) fa que qualsevol posició sigui insignificant respecte al risc d'execució.","[""Bitcoin Selling Pressure Drops to Historic Lows Amid Rebound"", ""Coinbase CEO Says Bitcoin Has Bottomed"", ""Crypto Exchange Bybit To Launch European Super App"", ""Crypto Groups Ask Illinois Court to Halt Digital Asset Tax"", ""Crypto Firm Block Files For U.S. Bank Charter""]","Across the 15 best-performing large Hyperliquid wallets sampled, 5 hold a BTC PERPETUAL position, and in aggregate they are net short by roughly 20% ($5,157,032 long vs $7,712,500 short); the BTC perpetual funding rate is 0.0013% (longs are paying shorts), which puts the broader market on the long side, which is the OPPOSITE direction to the wallet sample above. Specific recent activity from the same sampled wallets in the last ~24h: wallet ending ...5872 opened a $231,384 long 4 minutes ago; wallet ending ...5872 opened a $77,107 long 7 minutes ago; wallet ending ...5872 opened a $38,562 long 20 minutes ago; wallet ending ...5872 opened a $38,600 long 40 minutes ago; wallet ending ...5872 opened a $1,160,544 long 1 hour ago. These are leveraged perpetual positions (and, where noted above, trades) taken by other traders, not spot holdings, and this bot trades spot without leverage. Treat this as directional bias only, never as confirmation, and never as a reason to act without your own technical justification.",REAL
195,2026-09-10T18:44:24.465928+00:00,ETH-USD,hold,hold,0.58,0.0,,,2461.199951171875,10.44,,,,,"L'estructura de fons és alcista: el preu (2461) està molt per sobre de la SMA50 (2148), amb un RSI de 60 que indica impuls positiu però no extrem. Tanmateix, el preu està pràcticament clavat a la SMA20 (2464), és a dir, lleugerament per sota, cosa que mostra una consolidació/estancament més que no pas una continuació confirmada. La variació de preu és plana (-0,23%) mentre el volum puja un 20%: volum creixent sense direcció de preu és senyal d'indecisió i distribució potencial, no de ruptura; no hi ha confirmació de volum a favor d'un moviment alcista concret. Els titulars (compres de Bitmine, sentiment positiu) i el posicionament net llarg del 100% de les wallets mostrejades a Hyperliquid són només biaix direccional; a més, la wallet ...5872 ha tancat diverses posicions llargues grans (>600k) l'última hora i només n'ha reobert una de petita, cosa que ni tan sols és un senyal coherent. No copiem posicions apalancades alienes. Sense un tancament clar per sobre de la SMA20 amb volum acompanyant, o un rebot net des d'un suport inferior, el risc/benefici no justifica obrir llarg spot aquí. Espero confirmació.","[""Bitcoin Selling Pressure Drops to Historic Lows Amid Rebound"", ""Coinbase CEO Says Bitcoin Has Bottomed"", ""Crypto Groups Ask Illinois Court to Halt Digital Asset Tax"", ""Ethereum Foundation Aims To Be \u2018Quantum Resistant\u2019 By 2029"", ""Bitmine Buys $69M in Ether, Closes In on 5% of Ethereum Supply""]","Across the 15 best-performing large Hyperliquid wallets sampled, 4 hold a ETH PERPETUAL position, and in aggregate they are net long by roughly 100% ($112,073,301 long vs $0 short); the ETH perpetual funding rate is 0.0013% (longs are paying shorts), which puts the broader market on the long side, the same direction as the wallet sample above. Specific recent activity from the same sampled wallets in the last ~24h: wallet ending ...5872 opened a $25,944 long 22 minutes ago; wallet ending ...5872 closed a $61,615 long 59 minutes ago; wallet ending ...5872 closed a $246,900 long 1 hour ago; wallet ending ...5872 closed a $246,800 long 1 hour ago; wallet ending ...5872 closed a $123,000 long 1 hour ago. These are leveraged perpetual positions (and, where noted above, trades) taken by other traders, not spot holdings, and this bot trades spot without leverage. Treat this as directional bias only, never as confirmation, and never as a reason to act without your own technical justification.",REAL
196,2026-09-10T18:44:50.175054+00:00,SOL-USD,hold,hold,0.62,0.0,,,99.4800033569336,10.44,,,,,"Senyals mixtos i sense avantatge clar. El preu (99,48) està per sota de la SMA20 (101,74) però força per sobre de la SMA50 (86,35): tendència de fons alcista, però pèrdua d'impuls a curt termini amb una caiguda del -2,1% en la darrera sessió. L'RSI de 54,7 és neutre i no aporta cap senyal. El volum només puja un ~3,9%, és a dir, cap confirmació de volum ni per al rebot ni per a la caiguda; un moviment sense volum no justifica obrir posició. No hi ha titulars que donin context. El posicionament net llarg de les carteres de Hyperliquid i el funding lleugerament positiu són només biaix direccional: són posicions perpètues apalancades d'altres operadors, amb entrades, horitzons i cobertures desconegudes, i copiar-les no és una tesi. Sense confirmació tècnica pròpia i amb un capital molt reduït (10,44 USD, on les comissions pesen molt), el més disciplinat és esperar: una recuperació per damunt de la SMA20 amb volum creixent, o bé un retrocés cap a la zona 88-90 amb signes de suport, serien millors punts d'entrada.",[],"Across the 15 best-performing large Hyperliquid wallets sampled, 2 hold a SOL PERPETUAL position, and in aggregate they are net long by roughly 100% ($10,523,949 long vs $0 short); the SOL perpetual funding rate is 0.0002% (longs are paying shorts), which puts the broader market on the long side, the same direction as the wallet sample above. Specific recent activity from the same sampled wallets in the last ~24h: wallet ending ...6951 opened a $28,275 long 2 hours ago; wallet ending ...6951 opened a $28,275 long 2 hours ago; wallet ending ...6951 opened a $28,276 long 2 hours ago; wallet ending ...6951 opened a $28,276 long 2 hours ago; wallet ending ...6951 opened a $28,277 long 2 hours ago. These are leveraged perpetual positions (and, where noted above, trades) taken by other traders, not spot holdings, and this bot trades spot without leverage. Treat this as directional bias only, never as confirmation, and never as a reason to act without your own technical justification.",REAL
197,2026-09-10T22:00:45.740585+00:00,BTC-USD,hold,hold,0.66,0.0,,,77117.09375,10.44,,,,,"Senyals contradictoris i sense confirmació. El preu (77.117) cotitza per sota de la SMA20 (78.635) però clarament per sobre de la SMA50 (70.414): estructura de fons alcista però pèrdua d'impuls a curt termini. L'RSI de 54,8 és neutre i no aporta cap avantatge direccional. La sessió tanca amb -1,46% mentre el volum només puja un 2,3%, és a dir, no hi ha cap expansió de volum que validi ni la caiguda ni un possible rebot; un moviment de preu sense volum és un senyal feble i el pondero a la baixa. Els titulars són positius però genèrics i de tipus narratiu ('Bitcoin ha tocat fons'), i no creen una tesi per si sols. Pel que fa al posicionament, les carteres de Hyperliquid estan netes llargues al 100% i hi ha longs recents i el tancament d'un short gran, però són posicions perpètues apalancades amb entrades, horitzons i cobertures que desconeixem; això és només biaix direccional i mai motiu per obrir spot sense justificació tècnica pròpia, que aquí no existeix. A més, el funding lleugerament positiu indica longs pagant, cosa que afegeix risc de purga si el preu perd la zona. Amb un capital de només 10,44 USD i sense posició oberta, el més disciplinat és esperar: buscaria una recuperació i tancament per sobre de la SMA20 amb volum creixent per plantejar compra, o bé una defensa clara de la zona 70.000-72.000 (SMA50) com a suport.","[""Bitcoin Selling Pressure Drops to Historic Lows Amid Rebound"", ""Coinbase CEO Says Bitcoin Has Bottomed"", ""Crypto Exchange Bybit To Launch European Super App"", ""Crypto Groups Ask Illinois Court to Halt Digital Asset Tax"", ""Crypto Firm Block Files For U.S. Bank Charter""]","Across the 15 best-performing large Hyperliquid wallets sampled, 5 hold a BTC PERPETUAL position, and in aggregate they are net long by roughly 100% ($5,995,318 long vs $0 short); the BTC perpetual funding rate is 0.0013% (longs are paying shorts), which puts the broader market on the long side, the same direction as the wallet sample above. Specific recent activity from the same sampled wallets in the last ~24h: wallet ending ...5872 opened a $231,441 long 3 hours ago; wallet ending ...5872 opened a $231,552 long 3 hours ago; wallet ending ...5d58 closed a $7,727,220 short 3 hours ago; wallet ending ...5872 opened a $231,384 long 3 hours ago; wallet ending ...5872 opened a $77,107 long 3 hours ago. These are leveraged perpetual positions (and, where noted above, trades) taken by other traders, not spot holdings, and this bot trades spot without leverage. Treat this as directional bias only, never as confirmation, and never as a reason to act without your own technical justification.",REAL
198,2026-09-10T22:01:13.306095+00:00,ETH-USD,hold,hold,0.62,0.0,,,2457.179931640625,10.44,,,,,"La tendència de fons és alcista: el preu (2457) està molt per damunt de la SMA50 (2148) i l'RSI de 59,9 és neutre-positiu sense sobrecompra. Però a curt termini no hi ha cap disparador clar: el preu cotitza just per sota de la SMA20 (2464), amb una variació diària lleugerament negativa (-0,39%) mentre el volum puja un 17%; volum creixent amb preu pla o a la baixa no confirma continuïtat alcista, més aviat suggereix distribució o indecisió dins d'un rang. Els titulars (compres de Bitmine, discurs de terra ferma en BTC) i el posicionament net llarg del 100% de les carteres mostrejades amb funding lleugerament positiu només aporten biaix direccional, no confirmació; a més, la mateixa cartera ...5872 ha tancat diverses posicions llargues grans en les últimes hores, senyal de presa de beneficis, i en cap cas es copia posicionament apalancat quan operem spot. Amb un capital de només 10,44 USD i sense una ruptura neta per damunt de la SMA20 amb volum, l'esperança matemàtica no justifica entrar. Esperaria un tancament clar per damunt de ~2500 amb volum expansiu, o una recaiguda controlada cap a la zona 2300-2350 per buscar suport, per replantejar la compra.","[""Bitcoin Selling Pressure Drops to Historic Lows Amid Rebound"", ""Coinbase CEO Says Bitcoin Has Bottomed"", ""Crypto Groups Ask Illinois Court to Halt Digital Asset Tax"", ""Ethereum Foundation Aims To Be \u2018Quantum Resistant\u2019 By 2029"", ""Bitmine Buys $69M in Ether, Closes In on 5% of Ethereum Supply""]","Across the 15 best-performing large Hyperliquid wallets sampled, 5 hold a ETH PERPETUAL position, and in aggregate they are net long by roughly 100% ($112,455,692 long vs $0 short); the ETH perpetual funding rate is 0.0013% (longs are paying shorts), which puts the broader market on the long side, the same direction as the wallet sample above. Specific recent activity from the same sampled wallets in the last ~24h: wallet ending ...5872 closed a $87,748 long 2 hours ago; wallet ending ...5872 closed a $61,700 long 2 hours ago; wallet ending ...5872 opened a $25,944 long 4 hours ago; wallet ending ...5872 closed a $61,615 long 4 hours ago; wallet ending ...5872 closed a $246,900 long 4 hours ago. These are leveraged perpetual positions (and, where noted above, trades) taken by other traders, not spot holdings, and this bot trades spot without leverage. Treat this as directional bias only, never as confirmation, and never as a reason to act without your own technical justification.",REAL
199,2026-09-10T22:01:39.872994+00:00,SOL-USD,hold,hold,0.66,0.0,,,99.7300033569336,10.44,,,,,"Els senyals són contradictoris. La tendència de fons és positiva (preu 99,73 clarament per damunt de la SMA50 a 86,36), però a curt termini el preu ha perdut la SMA20 (101,75) i cau un 1,85% en la darrera sessió, amb un RSI de 55 que és neutre i no aporta cap avantatge. El volum també baixa (-2,8%), de manera que no hi ha cap confirmació de volum ni per a una represa alcista ni per a una ruptura a la baixa: és simplement una pausa dins d'un rang. El posicionament d'altres carteres (net llarg ~100%, diverses obertures de ~28.000$ fa 5 hores) i el funding lleugerament positiu només indiquen un biaix direccional; són posicions perpètues amb palanquejament, no comparables amb una compra spot, i per si soles no justifiquen cap entrada. Sense una recuperació de la SMA20 amb volum creixent, o bé un retest net de suport, la relació risc/benefici no és prou clara. A més, l'equity de 10,44$ deixa molt poc marge per assumir una entrada de baixa convicció. Espero millor estructura abans d'actuar.",[],"Across the 15 best-performing large Hyperliquid wallets sampled, 2 hold a SOL PERPETUAL position, and in aggregate they are net long by roughly 100% ($10,550,294 long vs $0 short); the SOL perpetual funding rate is 0.0013% (longs are paying shorts), which puts the broader market on the long side, the same direction as the wallet sample above. Specific recent activity from the same sampled wallets in the last ~24h: wallet ending ...6951 opened a $28,275 long 5 hours ago; wallet ending ...6951 opened a $28,275 long 5 hours ago; wallet ending ...6951 opened a $28,276 long 5 hours ago; wallet ending ...6951 opened a $28,276 long 5 hours ago; wallet ending ...6951 opened a $28,277 long 5 hours ago. These are leveraged perpetual positions (and, where noted above, trades) taken by other traders, not spot holdings, and this bot trades spot without leverage. Treat this as directional bias only, never as confirmation, and never as a reason to act without your own technical justification.",REAL
200,2026-09-11T01:32:59.845491+00:00,BTC-USD,hold,hold,0.62,0.0,,,76728.421875,10.44,,,,,"Els senyals són contradictoris i no justifiquen obrir una posició llarga al comptat. El preu (76.728) cotitza per sota de la SMA20 (78.615) però clarament per sobre de la SMA50 (70.406): estructura de fons alcista de mitjà termini, però amb debilitat de curt termini i una caiguda del -1,96% en l'última sessió. L'RSI de 53 és plenament neutral i no aporta cap avantatge direccional. El volum només puja un +1,8%, és a dir, pràcticament pla: qualsevol intent de rebot no té confirmació de volum, i un moviment de preu sense volum és un senyal feble per definició. Els titulars (pressió venedora en mínims històrics, declaracions del CEO de Coinbase sobre el terra del mercat) són favorables però són narrativa, no dades, i solen aparèixer en fases laterals. Pel que fa al market_positioning, el 100% net llarg de les carteres mostrejades i les compres recents de la wallet ...5872, així com el tancament d'un short de 7,7M, només són biaix direccional: són posicions perpètues apalancades amb entrades, horitzons i cobertures desconegudes, mentre que aquí s'opera comptat sense palanquejament. No poden crear una tesi que el preu i el volum no sustenten. El funding lleugerament positiu tampoc és decisiu. Amb el preu atrapat entre les dues mitjanes, RSI neutre i sense empenta de volum, l'esperança matemàtica no compensa el risc: cal esperar o bé una recuperació de la SMA20 amb volum creixent, o bé una recolzament clar prop de la SMA50 per plantejar una entrada.","[""Bitcoin Selling Pressure Drops to Historic Lows Amid Rebound"", ""Coinbase CEO Says Bitcoin Has Bottomed"", ""Crypto Exchange Bybit To Launch European Super App"", ""Crypto Groups Ask Illinois Court to Halt Digital Asset Tax"", ""Crypto Firm Block Files For U.S. Bank Charter""]","Across the 15 best-performing large Hyperliquid wallets sampled, 5 hold a BTC PERPETUAL position, and in aggregate they are net long by roughly 100% ($6,230,949 long vs $0 short); the BTC perpetual funding rate is 0.0013% (longs are paying shorts), which puts the broader market on the long side, the same direction as the wallet sample above. Specific recent activity from the same sampled wallets in the last ~24h: wallet ending ...5872 opened a $231,441 long 6 hours ago; wallet ending ...5872 opened a $231,552 long 7 hours ago; wallet ending ...5d58 closed a $7,727,220 short 7 hours ago; wallet ending ...5872 opened a $231,384 long 7 hours ago; wallet ending ...5872 opened a $77,107 long 7 hours ago. These are leveraged perpetual positions (and, where noted above, trades) taken by other traders, not spot holdings, and this bot trades spot without leverage. Treat this as directional bias only, never as confirmation, and never as a reason to act without your own technical justification.",REAL
201,2026-09-11T01:33:30.063869+00:00,ETH-USD,hold,hold,0.6,0.0,,,2447.280029296875,10.44,,,,,"La tendència de mitjà termini és clarament alcista: el preu (2447) està molt per damunt de la SMA50 (2148), amb un RSI de 58,8 que no mostra sobrecompra. Però a curt termini el senyal és ambigu: el preu ha perdut la SMA20 (2463) i tanca en negatiu (-0,8%) precisament amb un volum un 12,7% superior, és a dir, la pressió venedora ve acompanyada de volum, cosa que resta qualitat a una entrada de continuïtat aquí. No hi ha ni ruptura a l'alça confirmada ni un suport clar testejat amb rebot, sinó consolidació lateral sota la mitjana ràpida. Els titulars (compres de Bitmine, discurs de sòl del mercat) i el posicionament net llarg dels grans wallets de Hyperliquid amb funding lleugerament positiu són només biaix direccional; a més, el mateix wallet ...5872 ha tancat diverses posicions llargues grans en les últimes 8 hores, senyal que ni tan sols aquest flux és unidireccional, i en tot cas són posicions perpètues apalancades no comparables amb una compra spot. Amb un capital de només 10,44 USD i un stop que hauria de situar-se lluny (sota els ~2300) per ser tècnicament vàlid, la relació risc/benefici no justifica forçar l'operació. Millor esperar una recuperació de la SMA20 amb volum comprador, o una correcció fins a la zona de suport per entrar amb un stop més ajustat.","[""Bitcoin Selling Pressure Drops to Historic Lows Amid Rebound"", ""Coinbase CEO Says Bitcoin Has Bottomed"", ""Crypto Groups Ask Illinois Court to Halt Digital Asset Tax"", ""Ethereum Foundation Aims To Be \u2018Quantum Resistant\u2019 By 2029"", ""Bitmine Buys $69M in Ether, Closes In on 5% of Ethereum Supply""]","Across the 15 best-performing large Hyperliquid wallets sampled, 4 hold a ETH PERPETUAL position, and in aggregate they are net long by roughly 100% ($111,310,381 long vs $0 short); the ETH perpetual funding rate is 0.0013% (longs are paying shorts), which puts the broader market on the long side, the same direction as the wallet sample above. Specific recent activity from the same sampled wallets in the last ~24h: wallet ending ...5872 closed a $87,748 long 6 hours ago; wallet ending ...5872 closed a $61,700 long 6 hours ago; wallet ending ...5872 opened a $25,944 long 7 hours ago; wallet ending ...5872 closed a $61,615 long 8 hours ago; wallet ending ...5872 closed a $246,900 long 8 hours ago. These are leveraged perpetual positions (and, where noted above, trades) taken by other traders, not spot holdings, and this bot trades spot without leverage. Treat this as directional bias only, never as confirmation, and never as a reason to act without your own technical justification.",REAL
202,2026-09-11T01:33:57.325152+00:00,SOL-USD,hold,hold,0.62,0.0,,,98.87999725341797,10.44,,,,,"Senyals mixtos i sense confirmació. El preu (98,88) està per sobre de la SMA50 (86,34), cosa que manté la tendència de fons alcista, però ha perdut la SMA20 (101,71), fet que indica pèrdua d'impuls a curt termini. L'RSI de 53,7 és neutre i no aporta direcció. La caiguda del 2,68% en el preu va acompanyada d'un descens del volum del 8,43%: ni la baixada està confirmada per venda agressiva ni hi ha cap indici de volum comprador que justifiqui una entrada per rebot. Sense titulars rellevants, no hi ha catalitzador. El posicionament net llarg dels grans wallets de Hyperliquid (i les cinc entrades del wallet ...6951 de fa 9 hores) és només biaix direccional: són posicions perpètues apalancades amb entrades, horitzons i cobertures que desconeixem, i no substitueixen una justificació tècnica pròpia en spot. Amb el preu atrapat entre la SMA20 (resistència immediata) i la SMA50 (suport llunyà), la relació risc/benefici d'obrir ara és pobra. Millor esperar o bé una recuperació de la SMA20 amb volum creixent, o bé una reacció clara en un suport més baix.",[],"Across the 15 best-performing large Hyperliquid wallets sampled, 2 hold a SOL PERPETUAL position, and in aggregate they are net long by roughly 100% ($10,459,350 long vs $0 short). Specific recent activity from the same sampled wallets in the last ~24h: wallet ending ...6951 opened a $28,275 long 9 hours ago; wallet ending ...6951 opened a $28,275 long 9 hours ago; wallet ending ...6951 opened a $28,276 long 9 hours ago; wallet ending ...6951 opened a $28,276 long 9 hours ago; wallet ending ...6951 opened a $28,277 long 9 hours ago. These are leveraged perpetual positions (and, where noted above, trades) taken by other traders, not spot holdings, and this bot trades spot without leverage. Treat this as directional bias only, never as confirmation, and never as a reason to act without your own technical justification.",REAL
